Y,paid_1,paid_2,paid_3,paid_4,paid_5,paid_6,paid_7,paid_8,paid_9,paid_10,n_short,total_gap,total_paid,total_excess,infl_15y_annual
1872,43478.22,42480.15,41515.49,40575.90,39660.66,38710.28,37775.23,36855.51,35951.09,35061.98,10,107935.48,392064.52,0.00,-0.03
1873,43478.22,42480.15,41515.49,40575.90,39660.66,38710.28,37775.23,36855.51,35951.09,35061.98,10,107935.48,392064.52,0.00,-0.03
1874,43478.22,42480.15,41515.49,40575.90,39660.66,38710.28,37775.23,36855.51,35951.09,35061.98,10,107935.48,392064.52,0.00,-0.03
1875,43478.22,42480.15,41515.49,40575.90,39660.66,38710.28,37775.23,36855.51,35951.09,35061.98,10,107935.48,392064.52,0.00,-0.03
1876,43478.22,42480.15,41515.49,40575.90,39660.66,38710.28,37775.23,36855.51,35951.09,35061.98,10,107935.48,392064.52,0.00,-0.02
1877,43478.22,42480.15,41515.49,40575.90,39660.66,38710.28,37775.23,36855.51,35951.09,35061.98,10,107935.48,392064.52,0.00,-0.02
1878,43478.22,42480.15,41515.49,40575.90,39660.66,38710.28,37775.23,36855.51,35951.09,35061.98,10,107935.48,392064.52,0.00,-0.01
1879,43983.90,42480.15,41515.49,41047.82,40121.95,38710.28,37775.23,36855.51,35951.09,35061.98,10,106496.60,393503.40,0.00,-0.01
1880,43478.22,42480.15,41515.49,40575.90,39660.66,38710.28,37775.23,36855.51,35951.09,35061.98,10,107935.48,392064.52,0.00,-0.03
1881,43478.22,42480.15,41515.49,40575.90,39660.66,38710.28,37775.23,36855.51,35951.09,35061.98,10,107935.48,392064.52,0.00,-0.02
1882,43478.22,42480.15,41515.49,40575.90,39660.66,38710.28,37775.23,36855.51,35951.09,35061.98,10,107935.48,392064.52,0.00,-0.03
1883,43478.22,42480.15,41515.49,40575.90,39660.66,38710.28,37775.23,36855.51,35951.09,35061.98,10,107935.48,392064.52,0.00,-0.03
1884,43478.22,42480.15,41515.49,40575.90,39660.66,38710.28,37775.23,36855.51,35951.09,35061.98,10,107935.48,392064.52,0.00,-0.02
1885,43478.22,42480.15,41515.49,40575.90,39660.66,38710.28,37775.23,36855.51,35951.09,35061.98,10,107935.48,392064.52,0.00,-0.00
1886,43478.22,42480.15,41515.49,40575.90,39660.66,38710.28,37775.23,36855.51,35951.09,35061.98,10,107935.48,392064.52,0.00,-0.00
1887,43478.22,42480.15,41515.49,40575.90,39660.66,38710.28,37775.23,37304.99,35951.09,35917.16,10,106630.82,393369.18,0.00,0.00
1888,43478.22,42480.15,41515.49,40575.90,39660.66,38710.28,37775.23,36855.51,35951.09,36270.92,10,106726.54,393273.46,0.00,0.00
1889,43478.22,42480.15,41515.49,40575.90,39660.66,38710.28,37775.23,36855.51,37190.69,35061.98,10,106695.88,393304.12,0.00,-0.00
1890,43478.22,42480.15,41515.49,40575.90,40144.33,38710.28,38696.57,40451.09,37266.37,38054.94,10,98626.65,401373.35,0.00,0.01
1891,43478.22,42480.15,41515.49,40575.90,39660.66,39176.63,40960.99,37743.55,38549.79,37596.41,10,98262.21,401737.79,0.00,0.00
1892,43478.22,42480.15,43617.52,41089.48,42170.79,44100.22,40644.21,41520.58,40501.69,41719.23,10,78677.92,421322.08,0.00,0.01
1893,43478.22,44073.10,41515.49,42604.62,44618.10,41129.62,42024.73,41001.54,42242.41,40321.35,10,76990.83,423009.17,0.00,0.01
1894,48766.11,45924.46,47125.66,49348.96,45556.15,46556.77,45432.19,46816.36,44696.08,45012.01,10,34765.26,465234.74,0.00,0.02
1895,50409.47,51714.91,54150.49,49984.75,51156.27,49930.42,51461.78,49140.78,49497.86,53355.35,4,1446.19,510802.07,12248.26,0.03
1896,51438.99,53847.96,49701.61,50862.53,49715.27,51250.13,48948.32,49313.70,53167.30,47901.36,5,4419.74,506147.17,10566.91,0.02
1897,55900.48,51583.04,52783.78,51589.16,53258.52,50876.53,51266.41,55283.48,49817.74,47584.14,2,2598.12,519943.28,22541.40,0.02
1898,52794.98,54010.28,52783.78,54487.54,52125.60,52535.41,56663.07,51070.99,48790.79,51090.19,1,1209.21,526352.65,27561.86,0.03
1899,54500.65,53249.56,54964.06,52577.36,53067.10,57247.82,51608.19,49313.71,51647.91,51902.57,1,686.29,530078.92,30765.21,0.03
1900,46621.05,48109.97,46017.30,46442.30,50173.32,45239.53,43236.72,45292.18,45524.46,44842.57,9,38673.92,461499.40,173.32,0.02
1901,51086.84,48852.34,49299.68,53256.09,48088.36,45968.50,48163.31,48419.84,47703.96,47445.46,8,16058.56,488284.37,4342.93,0.02
1902,47619.17,48043.07,51894.58,46855.31,44854.35,47005.24,47264.90,46575.27,46331.99,50889.28,8,25450.69,477333.16,2783.85,0.03
1903,45893.78,49560.46,44744.36,42830.20,44948.71,45205.93,44555.12,44331.12,48701.16,56095.25,9,39229.16,466866.09,6095.25,0.03
1904,53708.61,48477.15,46399.69,48690.95,49040.16,48343.68,48110.10,52863.08,60901.02,71534.00,6,10938.27,528068.44,39006.71,0.05
1905,47386.36,45344.17,47579.60,47917.10,47304.64,47085.37,51747.30,59627.33,70051.69,78256.61,6,17382.75,542300.19,59682.94,0.05
1906,46409.53,48685.18,49026.69,48396.27,48241.37,53028.21,61115.33,71813.96,80241.06,80326.89,5,9240.96,587284.49,96525.45,0.06
1907,47178.45,47497.39,46882.98,46729.27,51440.10,59296.71,69690.71,77883.98,77982.62,67821.40,4,11711.91,592403.62,104115.53,0.04
1908,49669.92,49015.01,48850.50,53770.98,62072.92,72967.94,81562.57,81681.94,71052.67,67693.27,3,2464.57,638337.73,140802.30,0.04
1909,48582.54,48407.24,53278.91,61500.08,72398.75,80942.29,81076.72,70540.09,67218.14,67107.40,2,3010.22,651052.16,154062.39,0.04
1910,44825.88,49324.65,56931.22,67015.00,75031.20,75170.63,65414.43,62346.14,62255.66,60716.01,2,5849.47,619030.83,124880.30,0.04
1911,54647.57,63059.07,74222.42,83094.28,83368.68,72562.78,69172.81,69086.03,67390.70,68003.49,0,0.00,704607.83,204607.83,0.05
1912,65899.08,77545.61,86807.91,87087.77,75909.06,72377.03,72300.47,70540.14,71195.57,68659.03,0,0.00,748321.66,248321.66,0.05
1913,73920.97,82729.42,82989.65,72331.33,69065.17,69005.72,67338.87,67977.93,65568.92,62502.18,0,0.00,713430.15,213430.15,0.04
1914,82173.90,82411.56,71821.88,68573.37,68613.08,66968.92,67617.79,65234.38,62195.51,59956.09,0,0.00,695566.48,195566.48,0.04
1915,83512.69,72763.12,69466.62,69501.42,67933.74,68605.48,66200.29,63128.86,60867.79,59709.61,0,0.00,681689.63,181689.63,0.04
1916,73026.62,69700.56,69730.03,68151.88,68924.97,66521.69,63447.84,61187.39,60034.94,54805.74,0,0.00,655531.64,155531.64,0.03
1917,63343.35,63354.12,61915.43,62612.90,60516.80,57731.81,55685.97,54647.89,49897.73,44129.80,2,5972.47,573835.80,79808.27,0.02
1918,54903.27,53642.93,54242.96,52422.98,50082.54,48317.30,47425.92,43312.04,38312.92,35061.98,5,37569.85,477724.83,15294.68,-0.00
1919,45586.33,46084.60,44534.87,42543.28,41102.92,40352.59,37775.23,36855.51,35951.09,35061.98,10,94151.59,405848.41,0.00,-0.01
1920,43478.22,42480.15,41515.49,40575.90,39660.66,38710.28,37775.23,36855.51,35951.09,35061.98,10,107935.48,392064.52,0.00,-0.02
1921,43478.22,42480.15,41515.49,40575.90,39660.66,38710.28,37775.23,36855.51,35951.09,35061.98,10,107935.48,392064.52,0.00,-0.02
1922,43478.25,42480.15,41515.49,40575.90,39660.66,38710.28,37775.23,36855.51,35951.09,35061.98,10,107935.45,392064.55,0.00,-0.01
1923,43992.76,43234.24,41515.49,40575.90,39660.66,38710.28,37775.23,36855.51,35951.09,35061.98,10,106666.85,393333.15,0.00,-0.01
1924,43478.22,42480.15,41515.49,40575.90,39660.66,38710.28,37775.23,36855.51,35951.09,35061.98,10,107935.48,392064.52,0.00,-0.01
1925,43478.22,42480.15,41515.49,40575.90,39660.66,38710.28,37775.23,36855.51,35951.09,35061.98,10,107935.48,392064.52,0.00,-0.01
1926,43478.22,42480.15,41515.49,40575.90,39660.66,38710.28,37775.23,36855.51,35951.09,35061.98,10,107935.48,392064.52,0.00,-0.02
1927,43478.22,42480.15,41515.49,40575.90,39660.66,38710.28,37775.23,36855.51,35951.09,35061.98,10,107935.48,392064.52,0.00,-0.01
1928,43478.22,42480.15,41515.49,40575.90,39660.66,38710.28,37775.23,36855.51,35951.09,35061.98,10,107935.48,392064.52,0.00,-0.00
1929,43478.22,42480.15,41515.49,40575.90,39660.66,38710.28,37775.23,36855.51,35951.09,35677.16,10,107320.30,392679.70,0.00,0.00
1930,43478.22,42480.15,41515.49,40575.90,39660.66,38710.28,37775.23,36855.51,36369.19,36285.15,10,106294.22,393705.78,0.00,0.00
1931,43478.22,42480.15,41515.49,40575.90,39660.66,38710.28,39652.30,39831.46,39747.23,39635.35,10,94712.96,405287.04,0.00,0.01
1932,43478.22,42480.15,41515.49,40575.90,42105.53,44808.53,45019.86,44933.51,44815.83,51632.48,9,60266.98,441365.51,1632.48,0.03
1933,46465.31,45398.67,44684.65,48009.70,51165.36,51416.80,51328.29,51203.95,59003.85,62629.95,4,15441.67,511306.52,26748.19,0.04
1934,46113.28,45376.55,48749.28,51949.50,52280.03,52200.32,52084.13,60029.93,63731.61,64014.84,3,9760.89,536529.46,46290.35,0.04
1935,45749.47,49137.50,52359.11,52688.14,52683.63,52576.73,60609.61,64359.71,64658.44,61751.07,2,5113.03,556573.42,61686.45,0.04
1936,48834.23,52022.81,52345.64,52337.08,52306.15,60309.58,64053.74,64363.71,61481.68,63518.19,1,1165.77,571572.81,72738.58,0.04
1937,52484.43,52796.78,52784.02,52748.71,60907.51,64701.54,65027.46,62127.94,64198.47,66367.41,0,0.00,594144.27,94144.27,0.04
1938,52536.22,52510.25,52471.03,60582.16,64448.67,64786.09,61909.52,63985.36,66160.12,65010.86,0,0.00,604400.28,104400.28,0.04
1939,55279.53,55224.28,63756.04,67819.82,68273.14,65254.61,67455.91,69762.35,68564.00,67369.24,0,0.00,648758.93,148758.93,0.04
1940,56521.77,65237.49,69390.29,69848.65,66856.68,69125.65,71503.26,70288.84,69077.61,66868.35,0,0.00,674718.60,174718.60,0.04
1941,66296.69,70499.09,70959.24,67914.39,70320.45,72753.51,71531.94,70313.13,68077.74,66642.74,0,0.00,695308.92,195308.92,0.04
1942,65638.18,66049.91,63210.78,65445.10,67807.05,66681.69,65558.43,63486.69,62160.69,62433.06,0,0.00,648471.58,148471.58,0.04
1943,62001.58,59321.48,61413.52,63625.00,62659.22,61615.87,59680.48,58445.48,58713.11,58920.83,0,0.00,606396.57,106396.57,0.04
1944,58970.53,61034.77,63227.68,62263.07,61314.55,59400.34,58182.59,58460.52,58678.89,58235.25,0,0.00,599768.18,99768.18,0.03
1945,61064.96,63242.96,62273.26,61319.80,59491.04,58282.92,58572.87,58803.23,58370.12,57911.45,0,0.00,599332.61,99332.61,0.03
1946,63306.24,62319.81,61360.84,59526.21,58401.43,58703.54,58946.03,58523.38,58074.92,57409.23,0,0.00,596571.65,96571.65,0.03
1947,53993.89,53149.61,51556.46,50578.33,50913.24,51133.63,50777.00,50397.82,49829.92,48923.71,2,1246.37,511253.59,12499.96,0.02
1948,49981.40,48470.97,47547.66,47858.77,48135.20,47808.91,47461.25,46935.68,46091.16,45550.61,10,24158.39,475841.61,0.00,0.02
1949,48168.82,47239.33,47544.70,47815.60,47559.92,47223.37,46709.64,45878.22,45349.08,44954.95,10,31556.38,468443.62,0.00,0.02
1950,49373.57,49680.18,49959.34,49688.32,49407.82,48879.96,48019.36,47474.87,47071.53,46353.11,10,14091.95,485908.05,0.00,0.02
1951,47999.96,48257.48,47991.95,47717.29,47275.53,46452.34,45934.67,45553.37,44866.95,44598.83,10,33351.62,466648.38,0.00,0.02
1952,46595.56,46327.46,46058.73,45628.76,44898.86,44407.26,44047.32,43392.12,43141.31,43529.77,10,51972.86,448027.14,0.00,0.01
1953,47060.75,46775.95,46335.66,45590.90,45156.70,44799.52,44141.83,43895.32,44299.28,44516.88,10,47427.19,452572.81,0.00,0.02
1954,47518.98,47059.81,46299.79,45855.26,45558.12,44898.15,44656.21,45076.04,45306.37,46271.37,10,41499.90,458500.10,0.00,0.02
1955,48526.27,47730.50,47268.55,46958.58,46345.02,46104.37,46546.99,46794.04,47800.13,49506.99,10,26418.56,473581.44,0.00,0.02
1956,48669.66,48186.44,47866.71,47237.60,47060.04,47521.20,47782.83,48819.79,50573.00,52069.67,8,16855.72,485786.96,2642.68,0.03
1957,47889.04,47559.27,46930.53,46750.48,47276.64,47546.30,48587.70,50342.48,51842.52,52211.85,7,17460.05,486936.80,4396.85,0.03
1958,47305.47,46668.29,46485.62,47005.13,47341.38,48387.82,50145.26,51649.59,52027.78,52469.46,6,16806.29,489485.81,6292.09,0.03
1959,46938.37,46742.82,47261.51,47595.88,48718.06,50497.45,52022.60,52413.83,52869.18,56050.58,5,12743.36,501110.28,13853.63,0.03
1960,47027.42,47537.26,47869.83,48994.65,50857.34,52403.68,52808.18,53277.44,56494.51,61895.08,4,8570.84,519165.38,27736.22,0.04
1961,48001.09,48324.69,49456.34,51332.57,52969.59,53388.98,53874.02,57138.36,62612.79,65299.96,3,4217.88,542398.40,46616.28,0.04
1962,49130.37,50268.17,52171.13,53830.69,54335.09,54839.54,58173.84,63760.02,66509.51,68020.26,1,869.63,571038.63,71908.26,0.05
1963,50772.27,52681.00,54352.53,54857.55,55446.64,58829.45,64491.29,67285.56,68827.46,71623.34,0,0.00,599167.08,99167.08,0.05
1964,53046.28,54715.58,55219.65,55808.28,59298.49,65018.29,67848.75,69417.23,72251.27,76818.68,0,0.00,629442.51,129442.51,0.05
1965,55462.63,55959.44,56551.54,60083.54,65974.02,68859.66,70465.38,73356.65,78009.28,86194.02,0,0.00,670916.17,170916.17,0.06
1966,56193.55,56773.77,60314.94,66222.94,69219.08,70847.15,73768.62,78462.82,86712.20,95152.45,0,0.00,713667.53,213667.53,0.07
1967,56164.87,59652.99,65491.02,68448.71,70159.63,73067.15,77732.03,85921.48,94303.31,100177.11,0,0.00,751118.30,251118.30,0.07
1968,59253.52,65036.02,67967.86,69661.32,72652.75,77306.40,85467.85,93823.89,99687.43,100945.45,0,0.00,791802.49,291802.49,0.07
1969,63563.95,66412.64,68062.03,70979.25,75634.56,83635.99,91831.02,97589.22,98840.20,100050.13,0,0.00,816598.97,316598.97,0.07
1970,64006.39,65579.46,68384.92,72864.39,80688.89,88612.62,94187.56,95413.71,96600.69,97931.78,0,0.00,824270.40,324270.40,0.07
1971,63578.72,66281.84,70618.03,78195.20,85997.81,91426.27,92634.72,93805.59,95116.87,96288.36,0,0.00,833943.42,333943.42,0.07
1972,65693.38,69973.39,77475.34,85199.48,90708.08,91925.16,93105.40,94425.47,95607.25,94266.49,0,0.00,858379.46,358379.46,0.07
1973,69258.27,76664.17,84300.85,89744.35,91079.58,92267.15,93593.77,94783.79,93472.95,95203.72,0,0.00,880368.62,380368.62,0.07
1974,72181.36,79351.44,84468.75,85718.79,86961.61,88229.35,89368.76,88150.16,89800.02,91449.63,0,0.00,855679.87,355679.87,0.07
1975,72296.12,76938.99,78071.50,79197.27,80467.61,81522.87,80427.09,81948.53,83470.32,85189.19,0,0.00,799529.48,299529.48,0.06
1976,73638.78,74703.84,75775.13,76984.57,78106.55,77071.89,78545.33,80019.68,81683.54,84527.90,0,0.00,781057.22,281057.22,0.06
1977,72911.91,73938.81,75113.08,76201.84,75300.78,76755.49,78211.64,79853.63,82650.52,83076.50,0,0.00,774014.21,274014.21,0.06
1978,70923.42,72031.60,73069.98,72200.32,73701.20,75114.22,76706.29,79408.57,79833.53,80117.62,0,0.00,753106.75,253106.75,0.06
1979,67625.69,68583.23,67761.68,69164.89,70592.53,72102.97,74657.79,75072.10,75354.06,75510.28,0,0.00,716425.22,216425.22,0.05
1980,61957.96,61200.30,62462.76,63747.09,65204.90,67528.61,67916.74,68185.24,68340.04,68432.73,0,0.00,654976.37,154976.37,0.05
1981,55670.33,56804.36,57967.82,59288.84,61490.21,61855.83,62112.60,62265.86,62362.58,62364.14,0,0.00,602182.57,102182.57,0.04
1982,53376.51,54455.99,55692.63,57755.97,58183.12,58436.17,58591.90,58694.46,58707.47,59157.89,0,0.00,573052.12,73052.12,0.04
1983,53679.61,54884.75,56913.71,57330.16,57662.48,57827.55,57940.18,57964.44,58420.64,57945.78,0,0.00,570569.30,70569.30,0.03
1984,54122.48,56109.08,56515.23,56838.39,57083.25,57205.71,57240.93,57702.79,57245.03,56729.21,0,0.00,566792.11,66792.11,0.03
1985,55245.87,55631.70,55945.45,56182.08,56383.75,56429.59,56896.11,56455.85,55958.14,56039.33,0,0.00,561167.86,61167.86,0.03
1986,54854.99,55150.41,55379.36,55573.81,55699.15,56170.70,55747.04,55266.46,55357.53,55816.96,0,0.00,555016.40,55016.40,0.03
1987,55833.18,56050.79,56243.20,56365.65,56924.77,56506.57,56030.47,56133.85,56610.85,56067.50,0,0.00,562766.83,62766.83,0.03
1988,54931.80,55106.45,55222.11,55765.54,55435.62,54979.39,55091.68,55570.76,55048.22,54962.90,0,0.00,552114.47,52114.47,0.03
1989,54014.07,54113.77,54642.02,54314.51,53945.14,54065.98,54546.88,54044.60,53971.45,53625.98,0,0.00,541284.39,41284.39,0.03
1990,52925.56,53428.70,53104.33,52739.07,52933.38,53414.74,52933.31,52872.07,52543.96,52912.81,0,0.00,529807.92,29807.92,0.03
1991,51537.00,51211.17,50854.96,51038.35,51576.70,51121.92,51072.83,50765.88,51132.29,51571.07,0,0.00,511882.16,11882.16,0.03
1992,50855.99,50489.49,50667.60,51198.05,50819.74,50780.95,50485.71,50860.11,51306.63,51309.07,0,0.00,508773.34,8773.34,0.03
1993,50219.03,50383.46,50906.95,50526.86,50561.05,50277.00,50659.83,51114.65,51127.13,51897.75,0,0.00,507673.72,7673.72,0.03
1994,50187.85,50696.50,50314.05,50344.17,50133.48,50525.18,50988.84,51011.33,51790.38,50555.71,0,0.00,506547.49,6547.49,0.02
1995,50535.83,50141.91,50168.02,49954.17,50417.02,50889.72,50922.19,51710.06,50487.23,50578.56,1,45.83,505804.71,5850.55,0.02
1996,50049.54,50062.94,49845.64,50303.57,50848.38,50890.86,51688.42,50476.04,50577.29,50064.23,1,154.36,504806.91,4961.27,0.02
1997,49591.49,49363.76,49813.37,50348.94,50463.63,51264.60,50072.02,50182.34,49683.05,49889.74,5,1658.58,500672.95,2331.54,0.02
1998,49677.85,50117.65,50652.54,50763.95,51644.02,50452.56,50573.67,50080.35,50298.58,49908.68,2,413.48,504169.82,4583.30,0.02
1999,50481.45,51007.33,51115.53,51997.63,50871.22,51003.40,50515.83,50745.95,50362.49,49854.55,1,145.45,507955.38,8100.83,0.02
2000,50840.87,50935.85,51810.80,50684.48,50889.41,50412.87,50652.50,50279.63,49782.32,48918.44,2,1299.24,505207.16,6506.40,0.02
2001,50424.79,51278.01,50159.36,50358.23,49958.56,50205.93,49846.17,49362.86,48515.79,47661.11,5,4655.51,497770.81,2426.31,0.02
2002,51680.85,50540.64,50737.06,50330.46,50652.56,50299.52,49821.63,48976.32,48122.99,47906.52,4,5172.54,499068.54,4241.07,0.02
2003,50527.11,50710.66,50300.34,50618.30,50337.94,49869.51,49033.06,48188.22,47980.89,47781.21,5,7147.10,495347.24,2494.34,0.02
2004,50944.60,50519.62,50834.99,50549.49,50151.27,49319.81,48479.58,48280.50,48089.02,47795.61,5,8035.47,494964.50,2999.97,0.02
2005,50076.29,50376.17,50089.32,49690.85,48937.46,48113.23,47925.09,47744.42,47462.43,47346.38,7,12780.15,487761.64,541.78,0.02
2006,49856.79,49560.38,49162.28,48413.12,47666.32,47489.29,47319.58,47049.37,46943.55,46406.14,10,20133.18,479866.82,0.00,0.02
2007,49467.97,49058.21,48306.86,47557.99,47449.65,47289.41,47028.63,46932.09,46403.93,48440.73,10,22064.55,477935.45,0.00,0.02
2008,48241.93,47491.08,46751.20,46641.06,46550.54,46302.96,46217.02,45705.91,47721.45,49545.20,10,28831.65,471168.35,0.00,0.02
2009,48562.49,47793.84,47677.52,47581.28,47396.43,47317.79,46803.72,48877.28,50755.19,51159.24,8,17989.64,483924.79,1914.43,0.03
2010,47620.85,47492.95,47393.38,47205.57,47195.16,46691.63,48769.84,50653.58,51066.87,51242.31,7,17630.61,485332.16,2962.77,0.03
2011,47892.47,47779.98,47586.93,47572.72,47132.99,49240.55,51152.55,51580.06,51767.45,51838.77,6,12794.36,493544.47,6338.83,0.03
