# Source: Aswath Damodaran, Historical Returns on Stocks, Bonds and Bills (histretSP.xls, updated Jan 2026), https://pages.stern.nyu.edu/~adamodar/pc/datasets/histretSP.xls ; underlying data FRED (yields, CPI) and S&P. Downloaded 2026-09-25.
year,sp500_tr,tbill_3m,tbond10_tr,tbond10_yield_start,tbond10_yield_end,cpi_yoy
1928,0.438112,0.0308,0.008355,0.0317,0.0345,-0.011561
1929,-0.082979,0.0316,0.042038,0.0345,0.0336,0.005848
1930,-0.251236,0.0455,0.045409,0.0336,0.0322,-0.063954
1931,-0.438375,0.0231,-0.025589,0.0322,0.0393,-0.093168
1932,-0.086424,0.0107,0.087903,0.0393,0.0335,-0.10274
1933,0.499822,0.0096,0.018553,0.0335,0.0353,0.007634
1934,-0.011886,0.002783,0.079634,0.0353,0.0301,0.015152
1935,0.467404,0.001675,0.04472,0.0301,0.0284,0.029851
1936,0.319434,0.001725,0.050179,0.0284,0.0259,0.014493
1937,-0.353367,0.002758,0.013791,0.0259,0.0273,0.028571
1938,0.292827,0.00065,0.042132,0.0273,0.0256,-0.027778
1939,-0.010976,0.000458,0.044123,0.0256,0.0235,0.0
1940,-0.106729,0.000358,0.054025,0.0235,0.0201,0.007143
1941,-0.127715,0.001292,-0.020222,0.0201,0.0247,0.099291
1942,0.191738,0.003425,0.022949,0.0247,0.0249,0.090323
1943,0.250613,0.0038,0.0249,0.0249,0.0249,0.029586
1944,0.190307,0.0038,0.025776,0.0249,0.0248,0.022988
1945,0.358211,0.0038,0.038044,0.0248,0.0233,0.022472
1946,-0.084291,0.0038,0.031284,0.0233,0.0224,0.181319
1947,0.052,0.006008,0.009197,0.0224,0.0239,0.088372
1948,0.057046,0.01045,0.01951,0.0239,0.0244,0.029914
1949,0.183032,0.01115,0.046635,0.0244,0.0219,-0.020747
1950,0.308055,0.012033,0.004296,0.0219,0.0239,0.059322
1951,0.236785,0.015175,-0.002953,0.0239,0.027,0.06
1952,0.18151,0.017225,0.02268,0.027,0.0275,0.007547
1953,-0.012082,0.018908,0.041438,0.0275,0.0259,0.007491
1954,0.525633,0.009375,0.032898,0.0259,0.0251,-0.007435
1955,0.325973,0.017243,-0.013364,0.0251,0.0296,0.003745
1956,0.074395,0.026214,-0.022558,0.0296,0.0359,0.029851
1957,-0.104574,0.032246,0.06797,0.0359,0.0321,0.028986
1958,0.4372,0.017665,-0.02099,0.0321,0.0386,0.017606
1959,0.120565,0.03386,-0.026466,0.0386,0.0469,0.017301
1960,0.003365,0.02873,0.116395,0.0469,0.0384,0.013605
1961,0.266377,0.023525,0.020609,0.0384,0.0406,0.006711
1962,-0.088115,0.027724,0.056935,0.0406,0.0386,0.013333
1963,0.226119,0.03156,0.016842,0.0386,0.0413,0.016447
1964,0.164155,0.035457,0.037281,0.0413,0.0418,0.009709
1965,0.123992,0.039491,0.007189,0.0418,0.0462,0.019231
1966,-0.09971,0.048557,0.029079,0.0462,0.0484,0.034591
1967,0.23803,0.042935,-0.015806,0.0484,0.057,0.030395
1968,0.108149,0.053376,0.032746,0.057,0.0603,0.047198
1969,-0.082414,0.066685,-0.05014,0.0603,0.0765,0.061972
1970,0.035611,0.06391,0.167547,0.0765,0.0639,0.055703
1971,0.142212,0.043343,0.097869,0.0639,0.0593,0.032663
1972,0.187554,0.040618,0.028184,0.0593,0.0636,0.034063
1973,-0.14308,0.070354,0.036587,0.0636,0.0674,0.087059
1974,-0.259018,0.078458,0.019886,0.0674,0.0743,0.123377
1975,0.369951,0.057864,0.036053,0.0743,0.08,0.069364
1976,0.23831,0.049766,0.159846,0.08,0.0687,0.048649
1977,-0.069797,0.05261,0.0129,0.0687,0.0769,0.06701
1978,0.065093,0.071783,-0.007776,0.0769,0.0901,0.090177
1979,0.185195,0.100543,0.006707,0.0901,0.1039,0.132939
1980,0.317352,0.113919,-0.029897,0.1039,0.1284,0.125163
1981,-0.047024,0.140362,0.081992,0.1284,0.1372,0.089224
1982,0.204191,0.1109,0.328145,0.1372,0.1054,0.038298
1983,0.223372,0.0895,0.032002,0.1054,0.1183,0.03791
1984,0.061461,0.0992,0.137334,0.1183,0.115,0.039487
1985,0.312351,0.0772,0.257125,0.115,0.0926,0.037987
1986,0.184946,0.0615,0.242842,0.0926,0.0711,0.010979
1987,0.058127,0.0596,-0.049605,0.0711,0.0899,0.044344
1988,0.165372,0.0689,0.082236,0.0899,0.0911,0.044194
1989,0.314752,0.0839,0.176936,0.0911,0.0784,0.046473
1990,-0.030645,0.0775,0.062354,0.0784,0.0808,0.061063
1991,0.302348,0.0554,0.150045,0.0808,0.0709,0.030643
1992,0.074937,0.0351,0.093616,0.0709,0.0677,0.029006
1993,0.099671,0.0307,0.14211,0.0677,0.0577,0.027484
1994,0.013259,0.0437,-0.080367,0.0577,0.0781,0.026749
1995,0.371952,0.0566,0.234808,0.0781,0.0571,0.025384
1996,0.22681,0.0515,0.014286,0.0571,0.063,0.033225
1997,0.331037,0.052,0.099391,0.063,0.0581,0.017024
1998,0.28338,0.0491,0.149214,0.0581,0.0465,0.016119
1999,0.208854,0.0478,-0.082542,0.0465,0.0644,0.026846
2000,-0.090318,0.06,0.166553,0.0644,0.0511,0.033868
2001,-0.118498,0.0348,0.055722,0.0511,0.0505,0.015517
2002,-0.21966,0.0164,0.151164,0.0505,0.0382,0.023769
2003,0.283558,0.0103,0.003753,0.0382,0.0425,0.018795
2004,0.107428,0.014,0.044907,0.0425,0.0422,0.032556
2005,0.048345,0.0322,0.028675,0.0422,0.0439,0.034157
2006,0.156126,0.0485,0.01961,0.0439,0.047,0.025406
2007,0.054847,0.0448,0.102099,0.047,0.0402,0.040813
2008,-0.365523,0.014,0.201013,0.0402,0.0221,0.000914
2009,0.259352,0.0015,-0.111167,0.0221,0.0384,0.027213
2010,0.148211,0.0014,0.084629,0.0384,0.0329,0.014957
2011,0.020984,0.0005,0.160353,0.0329,0.0188,0.029624
2012,0.158906,0.0009,0.029716,0.0188,0.0176,0.01741
2013,0.321451,0.0006,-0.091046,0.0176,0.03036,0.015017
2014,0.135244,0.0003,0.107462,0.03036,0.0217,0.007565
2015,0.013789,0.0005,0.012843,0.0217,0.0227,0.007295
2016,0.117731,0.0032,0.006906,0.0227,0.0245,0.020746
2017,0.216055,0.0095,0.028017,0.0245,0.0241,0.021091
2018,-0.042269,0.0197,-0.000167,0.0241,0.0269,0.019102
2019,0.312117,0.0211,0.096356,0.0269,0.0192,0.022851
2020,0.180232,0.0036,0.113319,0.0192,0.0093,0.01362
2021,0.284689,0.0004,-0.04416,0.0093,0.0151,0.070364
2022,-0.180375,0.0209,-0.178282,0.0151,0.0388,0.064544
2023,0.260607,0.0528,0.0388,0.0388,0.0388,0.033521
2024,0.248786,0.0518,-0.016372,0.0388,0.0458,0.028881
2025,0.177237,0.0421,0.077955,0.0458,0.0418,0.027351
