year,sp500_tr,tbill_3m,tbond_10y_tr
1928,0.4381115515,0.0308,0.00835470859
1929,-0.08297946612,0.0316,0.04203804156
1930,-0.2512363636,0.0455,0.04540931435
1931,-0.4383754889,0.0231,-0.02558855962
1932,-0.08642364532,0.0107,0.0879030699
1933,0.4998222543,0.0096,0.01855272089
1934,-0.01188565697,0.002783333333,0.07963442618
1935,0.4674042105,0.001675,0.0447204773
1936,0.3194341028,0.001725,0.05017875405
1937,-0.3533672875,0.002758333333,0.0137914606
1938,0.2928265403,0.00065,0.04213248532
1939,-0.01097564688,0.0004583333333,0.04412261394
1940,-0.1067287319,0.0003583333333,0.05402481596
1941,-0.1277145558,0.001291666667,-0.02022197585
1942,0.1917376295,0.003425,0.02294868237
1943,0.2506131013,0.0038,0.0249
1944,0.1903067695,0.0038,0.02577611158
1945,0.3582108434,0.0038,0.03804417342
1946,-0.08429147465,0.0038,0.03128374538
1947,0.052,0.006008333333,0.009196968063
1948,0.05704575163,0.01045,0.01951036941
1949,0.1830322368,0.01115,0.04663485183
1950,0.3080553901,0.01203333333,0.004295957417
1951,0.2367846304,0.015175,-0.002953139221
1952,0.1815098864,0.017225,0.02267996192
1953,-0.01208204742,0.01890833333,0.04143840259
1954,0.5256332124,0.0093752,0.03289803456
1955,0.3259733185,0.01724342629,-0.01336439129
1956,0.07439511873,0.02621388889,-0.02255773817
1957,-0.1045736019,0.03224566929,0.06797012847
1958,0.4371995499,0.01766546185,-0.02099018176
1959,0.1205645716,0.03386015936,-0.02646631259
1960,0.003365353147,0.02872971888,0.1163950369
1961,0.2663771296,0.0235248996,0.02060920808
1962,-0.08811460517,0.02772369478,0.05693544054
1963,0.226119271,0.03156024096,0.01684162074
1964,0.1641545588,0.03545737052,0.03728064891
1965,0.1239924248,0.03949076305,0.007188550936
1966,-0.09970954236,0.0485572,0.02907940932
1967,0.2380296651,0.04293453815,-0.01580620993
1968,0.1081486265,0.053376,0.03274619695
1969,-0.08241371076,0.06668467742,-0.05014049321
1970,0.03561144905,0.06391,0.1675473718
1971,0.142211503,0.04334257028,0.0978689662
1972,0.1875536292,0.0406184,0.0281844905
1973,-0.1430804744,0.07035443548,0.03658664602
1974,-0.2590178575,0.07845783133,0.01988608693
1975,0.3699513711,0.05786385542,0.03605253603
1976,0.23830999,0.049766,0.1598456074
1977,-0.06979704076,0.05260963855,0.01289960607
1978,0.06509283912,0.07178306452,-0.007775806908
1979,0.1851949017,0.1005427419,0.006707203125
1980,0.3173524551,0.1139188,-0.02989744252
1981,-0.04702390247,0.1403618474,0.08199215336
1982,0.2041905508,0.1109,0.3281454949
1983,0.2233715586,0.0895,0.03200209445
1984,0.06146142,0.0992,0.1373336434
1985,0.3123514949,0.0772,0.2571248821
1986,0.1849457876,0.0615,0.2428421514
1987,0.05812721642,0.0596,-0.04960508938
1988,0.1653719281,0.0689,0.08223595843
1989,0.3147518364,0.0839,0.1769364716
1990,-0.03064451613,0.0775,0.06235375334
1991,0.3023484313,0.0554,0.1500451002
1992,0.07493727972,0.0351,0.09361637316
1993,0.09967051479,0.0307,0.1421095759
1994,0.01325920677,0.0437,-0.08036655551
1995,0.371951989,0.0566,0.2348078011
1996,0.2268096602,0.0515,0.01428607793
1997,0.331036531,0.052,0.09939130273
1998,0.2833795328,0.0491,0.1492143192
1999,0.2088535099,0.0478,-0.08254214796
2000,-0.09031818955,0.06,0.1665526713
2001,-0.1184975914,0.0348,0.05572181189
2002,-0.2196604796,0.0164,0.1511640038
2003,0.2835580005,0.0103,0.003753185882
2004,0.1074277594,0.014,0.04490683702
2005,0.04834477523,0.0322,0.0286753296
2006,0.1561255798,0.0485,0.01961001242
2007,0.05484735246,0.0448,0.1020992193
2008,-0.3655234411,0.014,0.2010127993
2009,0.2593523388,0.0015,-0.1111669531
2010,0.1482109228,0.0014,0.0846293388
2011,0.02098374734,0.0005,0.16035335
2012,0.1589058524,0.0009,0.02971571978
2013,0.3214508586,0.0006,-0.09104568794
2014,0.1352442165,0.0003,0.1074618045
2015,0.01378891641,0.0005,0.01284299671
2016,0.1177308087,0.0032,0.006905504699
2017,0.2160548143,0.0095,0.02801716271
2018,-0.04226869289,0.0197,-0.0001669238571
2019,0.3121168,0.0211,0.09635630742
2020,0.1802320183,0.0036,0.1133189765
2021,0.2846885175,0.0004,-0.04416034449
2022,-0.1803750593,0.0209,-0.1782817154
2023,0.2606068499,0.0528,0.0388
2024,0.2487861126,0.0518,-0.01637180144
2025,0.1772365824,0.0421,0.07795480871
