key,primary,blind,diff,tolerance,verdict
top2031_median_T,174937.71,174965.64,-27.93000000002212,+-2%,WITHIN TOL
top2031_median_BOOT,175487.06,175472.0,15.059999999997672,+-2%,WITHIN TOL
top2031_median_BAYES,174966.35,175000.66,-34.30999999999767,+-2%,WITHIN TOL
top2031_p5_min_across_models,165203.71,165181.84,21.869999999995343,+-2%,WITHIN TOL
top2031_p95_max_across_models,190726.95,190687.06,39.89000000001397,+-2%,WITHIN TOL
p_gift_reaches_top_T,0.75471,0.7549,-0.00019000000000002348,+-0.02,WITHIN TOL
p_gift_reaches_top_BOOT,0.743715,0.7436,0.00011499999999997623,+-0.02,WITHIN TOL
p_gift_reaches_top_BAYES,0.71963,0.7184,0.0012299999999999534,+-0.02,WITHIN TOL
p_gift_upper_half_min,0.99228,0.9924,-0.00011999999999989797,+-0.02,WITHIN TOL
"p_gift_within_range (8 models, 1.6M paths)",1.0,1.0,0.0,identical,MATCH
gift2033_median_BAYES,174022.85,174045.9,-23.04999999998836,+-2%,WITHIN TOL
gift2033_BAYES_p5,164142.94,164142.04,0.8999999999941792,+-2%,WITHIN TOL
gift2033_BAYES_p95,189748.54,189735.04,13.5,+-2%,WITHIN TOL
p_fund_below_cost_2031 (max of 3),0.242775,0.2431,-0.0003250000000000197,+-0.02,WITHIN TOL
p_fund_below_cost_2031 (min of 3),0.207135,0.2065,0.0006350000000000244,+-0.02,WITHIN TOL
E6_reconcile_max_abs_diff (USD),400.0000000000057,255.78578911870136,144.21421088130433,report,REPORT
D6_robust_s_star,0.47,0.47,0.0,+-0.02,MATCH
D6_recommendation_s,0.5,0.5,0.0,identical,MATCH
p_keep_10pct_of_gift_at_half_BAYES,0.932475,0.9322,0.0002750000000000252,+-0.02,WITHIN TOL
p_keep_10pct_at_half (max of 3),0.95299,0.9538,-0.0008099999999999774,+-0.02,WITHIN TOL
s_star_if_keep_5pct,0.72,0.72,0.0,+-0.02,MATCH
s_star_if_keep_15pct,0.23,0.23,0.0,+-0.02,MATCH
announced_floor,145000.0,145000.0,0.0,identical,MATCH
floor_delivery_median (phi p50 x $150k),149403.97823768124,149410.49517254048,-6.516934859246248,+-2%,WITHIN TOL
floor_delivery_worst (phi min x $150k),146330.47581402512,146330.47581402512,0.0,+-2%,MATCH
P(floor pays < $150k),0.692905,0.689545,0.0033600000000000296,+-0.02,WITHIN TOL
p_breach_low_end_160k_BOOT (blind at the same low end),0.00417,0.004647528813676728,-0.00047752881367672806,+-0.02,WITHIN TOL
sobol_ST_jan2027_yields,0.8975759371658542,0.8981,-0.0005240628341458553,+-0.05,WITHIN TOL
sobol_ST_jan2028_5y_yield,0.0676908170163205,0.0671,0.000590817016320494,+-0.05,WITHIN TOL
sobol_ST_costs,0.0325965186568522,0.0328,-0.00020348134314780025,+-0.05,WITHIN TOL
sobol_ST_expected_return,0.0032463017064818,0.0032,4.630170648180004e-05,+-0.05,MATCH
tornado_swing_jan2027_yields,50866.206400250434,50877.59,-11.383599749562563,+-1749.5,WITHIN TOL
tornado_swing_costs,8357.195526787284,8364.04,-6.844473212717276,+-1749.5,WITHIN TOL
tornado_swing_expected_return,2692.491331932426,2693.52,-1.0286680675740172,+-1749.5,WITHIN TOL
floor_IPS_reading_minus50bp,142612.31526449806,142612.32,-0.004735501948744059,+-0.005,MATCH
fund_IPS_reading_minus50bp,28500.88266506426,28500.88,0.002665064257598715,+-0.005,MATCH
