seed,model,U_p5,U_p50,U_p95,G_p50,P_top_fund,P_upper_half,P_flex_half,P_top_eq_U_half,s_star,P_phi_lt_1
20260931,L,166037.52225216015,174919.61986331546,188649.74894179605,174129.38349027617,0.734695,0.999915,0.95043,0.248195,0.5,0.690665
20260931,T,166104.9074426307,174952.97031242755,188628.21708774,174234.80575021723,0.753995,0.999205,0.952675,0.253905,0.5,0.690665
20260931,BOOT,165192.14145414758,175486.6411714866,189253.30173191114,174557.1737034084,0.74444,0.991925,0.93623,0.246235,0.47,0.690665
20260931,BAYES,165314.7890081939,174950.37498188042,190798.58756318645,174020.25876047031,0.71936,0.999145,0.93215,0.24313,0.47,0.690665
20260932,L,166057.8075544853,174934.14882790844,188788.84401292386,174148.73578899572,0.7311,0.999915,0.950065,0.246845,0.5,0.691775
20260932,T,166123.91264374906,174931.5012353594,188608.90187270622,174215.02458949515,0.757055,0.999215,0.95377,0.25318,0.5,0.691775
20260932,BOOT,165209.5002887071,175503.63623051028,189166.34667270878,174588.02127753574,0.74274,0.9925,0.936815,0.245895,0.47,0.691775
20260932,BAYES,165284.06476874545,174946.82448266377,190734.7369126359,174014.1993651415,0.71906,0.99918,0.931605,0.241925,0.47,0.691775
20260933,L,166085.3326114193,174946.97599644482,188693.75614316599,174149.02746746235,0.732245,0.999945,0.950765,0.247415,0.5,0.69106
20260933,T,166112.3444252778,174939.33871932782,188682.79234385182,174238.42737263313,0.75705,0.999155,0.95268,0.25398,0.5,0.69106
20260933,BOOT,165199.7009948489,175507.92851958968,189192.71231821642,174569.19748904058,0.742635,0.9922,0.936405,0.247815,0.47,0.69106
20260933,BAYES,165286.99917826086,174955.51104620757,190669.71199871277,174001.57892256248,0.715785,0.999005,0.932,0.241585,0.47,0.69106
20260934,L,166069.99773832076,174926.0036702282,188672.60903912806,174127.97643381322,0.732235,0.999895,0.95044,0.24683,0.5,0.69131
20260934,T,166075.1644763611,174955.24375118344,188669.9388801644,174261.92942742445,0.755475,0.99919,0.95215,0.254,0.5,0.69131
20260934,BOOT,165216.29539864277,175462.6086758017,189187.25431149628,174541.37780529505,0.74316,0.992545,0.9367,0.246955,0.47,0.69131
20260934,BAYES,165274.03453475414,174971.18540585673,190761.05216600923,174027.5190861115,0.716355,0.999105,0.931945,0.24183,0.47,0.69131
20260935,L,166103.8435212065,174982.8496553367,188734.9473514102,174184.83924382133,0.73389,0.999905,0.95189,0.24752,0.5,0.691335
20260935,T,166094.74124831238,174950.19958731212,188591.53693680515,174248.06291420478,0.75546,0.999085,0.95279,0.254,0.5,0.691335
20260935,BOOT,165198.34230756515,175477.1126808169,189144.7474415363,174554.48824596667,0.74401,0.991975,0.93606,0.24744,0.47,0.691335
20260935,BAYES,165265.79519206693,174942.56344640377,190795.70709897528,174011.20197124186,0.72025,0.999125,0.932295,0.24284,0.47,0.691335
20260936,L,166041.88451309933,174935.64165786904,188722.69640973784,174134.43395222884,0.73232,0.99994,0.95101,0.24954,0.5,0.68899
20260936,T,166136.24342602506,174928.752321837,188660.7346557281,174221.35762752462,0.75551,0.999185,0.953245,0.25488,0.5,0.68899
20260936,BOOT,165214.7049984983,175473.49978365618,189105.9904537555,174533.81450157578,0.742065,0.992105,0.936565,0.248115,0.47,0.68899
20260936,BAYES,165252.25286685667,174936.1884238636,190749.1824995844,174005.2969459453,0.71849,0.99914,0.932195,0.24318,0.47,0.68899
20260937,L,166063.70347526207,174946.09227042686,188656.46059337998,174150.94000235037,0.733715,0.99991,0.94988,0.24633,0.49,0.6916
20260937,T,166137.29519644825,174926.7125454023,188561.98902798336,174224.80095801473,0.75558,0.999295,0.95296,0.25363,0.5,0.6916
20260937,BOOT,165153.59683855096,175501.30973584502,189092.46727162163,174547.3990964677,0.7434,0.991985,0.936315,0.24619,0.47,0.6916
20260937,BAYES,165303.84279809054,174946.7090301822,190778.34069134833,174027.3596817179,0.717945,0.99915,0.93229,0.24115,0.47,0.6916
20260938,L,166131.49125759848,174961.075277409,188739.03623599786,174159.62660096772,0.73432,0.999925,0.951935,0.248225,0.5,0.690975
20260938,T,166146.52726630785,174977.19640940963,188677.77653249516,174263.5392002802,0.756025,0.99919,0.953465,0.25319,0.5,0.690975
20260938,BOOT,165214.13890305362,175491.3469943729,189027.61919263835,174546.72611000045,0.74369,0.992095,0.93623,0.24689,0.47,0.690975
20260938,BAYES,165322.086947573,174939.00250408496,190697.3717523118,174020.757985142,0.719225,0.99903,0.93196,0.2426,0.47,0.690975
20260939,L,166094.96422192984,174950.48562072305,188701.5920364093,174152.45833148918,0.73315,0.999945,0.951395,0.24853,0.5,0.69011
20260939,T,166116.37133847713,174932.386137671,188592.8036151299,174223.60589801124,0.755225,0.99929,0.95311,0.25427,0.5,0.69011
20260939,BOOT,165130.57640008855,175476.7029700523,189100.82031610364,174531.2915032265,0.743395,0.99217,0.935545,0.248015,0.47,0.69011
20260939,BAYES,165302.63033118236,174938.8967268155,190696.02386667003,173989.930356558,0.716745,0.9991,0.931625,0.24257,0.47,0.69011
20260940,L,166065.99706766356,174980.62274000456,188785.50889081188,174173.98933845788,0.73192,0.999895,0.95011,0.24834,0.5,0.689845
20260940,T,166154.5367133814,174936.93030499687,188647.30177068448,174226.3191214946,0.75652,0.99929,0.95314,0.25464,0.5,0.689845
20260940,BOOT,165196.4581413776,175469.29439560074,189076.14587749832,174530.93760943273,0.74377,0.99243,0.937285,0.248485,0.47,0.689845
20260940,BAYES,165305.51176588424,174966.408404439,190752.13735386747,174017.5081741103,0.71671,0.99916,0.93154,0.24302,0.47,0.689845
