# source: https://www.ssga.com/us/en/intermediary/library-content/products/fund-data/etfs/us/holdings-daily-us-en-spym.xlsx ; holdings as of 24-Sep-2026 ; downloaded 2026-09-27
name,ticker,weight_pct
NVIDIA CORP,NVDA,8.175423
APPLE INC,AAPL,7.374623
MICROSOFT CORP,MSFT,5.56188
AMAZON.COM INC,AMZN,3.682166
ALPHABET INC CL A,GOOGL,3.022048
META PLATFORMS INC CLASS A,META,2.579376
BROADCOM INC,AVGO,2.507442
ALPHABET INC CL C,GOOG,2.423987
MICRON TECHNOLOGY INC,MU,1.835631
TESLA INC,TSLA,1.60216
ADVANCED MICRO DEVICES,AMD,1.545163
ELI LILLY + CO,LLY,1.422603
BERKSHIRE HATHAWAY INC CL B,BRK.B,1.415241
JPMORGAN CHASE + CO,JPM,1.353705
EXXONMOBIL HOLDINGS CORP,XOM,1.002868
JOHNSON + JOHNSON,JNJ,0.981212
INTEL CORP,INTC,0.952154
VISA INC CLASS A SHARES,V,0.943261
WALMART INC,WMT,0.721304
ABBVIE INC,ABBV,0.704789
MASTERCARD INC   A,MA,0.688597
PALANTIR TECHNOLOGIES INC A,PLTR,0.666579
CISCO SYSTEMS INC,CSCO,0.634266
CHEVRON CORP,CVX,0.611191
COSTCO WHOLESALE CORP,COST,0.598024
LAM RESEARCH CORP,LRCX,0.578218
APPLIED MATERIALS INC,AMAT,0.566454
CATERPILLAR INC,CAT,0.55685
MERCK + CO. INC.,MRK,0.549242
BANK OF AMERICA CORP,BAC,0.548166
COCA COLA CO/THE,KO,0.513177
PROCTER + GAMBLE CO/THE,PG,0.50938
UNITEDHEALTH GROUP INC,UNH,0.506239
GENERAL ELECTRIC,GE,0.499039
PALO ALTO NETWORKS INC,PANW,0.478075
NETFLIX INC,NFLX,0.449132
PHILIP MORRIS INTERNATIONAL,PM,0.449031
HOME DEPOT INC,HD,0.438294
GOLDMAN SACHS GROUP INC,GS,0.404345
CROWDSTRIKE HOLDINGS INC   A,CRWD,0.397814
SANDISK CORP,SNDK,0.385073
GE VERNOVA INC,GEV,0.382669
RTX CORP,RTX,0.38234
THERMO FISHER SCIENTIFIC INC,TMO,0.37732
WELLS FARGO + CO,WFC,0.373756
TEXAS INSTRUMENTS INC,TXN,0.371736
KLA CORP,KLAC,0.36768
ORACLE CORP,ORCL,0.362708
MORGAN STANLEY,MS,0.352546
MARVELL TECHNOLOGY INC,MRVL,0.341085
CITIGROUP INC,C,0.333247
AMGEN INC,AMGN,0.330119
LINDE PLC,LIN,0.324525
ARISTA NETWORKS INC,ANET,0.32383
INTL BUSINESS MACHINES CORP,IBM,0.321717
QUALCOMM INC,QCOM,0.312062
SEAGATE TECHNOLOGY HOLDINGS,STX,0.308898
AMPHENOL CORP CL A,APH,0.308158
VERIZON COMMUNICATIONS INC,VZ,0.295676
SALESFORCE INC,CRM,0.293535
ANALOG DEVICES INC,ADI,0.280292
GILEAD SCIENCES INC,GILD,0.279135
WALT DISNEY CO/THE,DIS,0.274092
PEPSICO INC,PEP,0.263032
ABBOTT LABORATORIES,ABT,0.263019
DEERE + CO,DE,0.262368
AT+T INC,T,0.262273
EATON CORP PLC,ETN,0.256976
WELLTOWER INC,WELL,0.253212
MCDONALD S CORP,MCD,0.252244
UNION PACIFIC CORP,UNP,0.24486
WESTERN DIGITAL CORP,WDC,0.244214
DELL TECHNOLOGIES  C,DELL,0.243736
PFIZER INC,PFE,0.243524
SCHWAB (CHARLES) CORP,SCHW,0.243253
AMERICAN EXPRESS CO,AXP,0.24214
NEXTERA ENERGY INC,NEE,0.237333
BOEING CO/THE,BA,0.234033
CONOCOPHILLIPS,COP,0.233654
BLACKROCK INC,BLK,0.232589
TJX COMPANIES INC,TJX,0.218653
SERVICENOW INC,NOW,0.214229
UBER TECHNOLOGIES INC,UBER,0.212642
INTUITIVE SURGICAL INC,ISRG,0.212253
DANAHER CORP,DHR,0.210533
VERTEX PHARMACEUTICALS INC,VRTX,0.199105
NEWMONT CORP,NEM,0.192244
PROLOGIS INC,PLD,0.191352
BRISTOL MYERS SQUIBB CO,BMY,0.189008
PARKER HANNIFIN CORP,PH,0.184967
CORNING INC,GLW,0.183726
S+P GLOBAL INC,SPGI,0.18321
CAPITAL ONE FINANCIAL CORP,COF,0.181394
BOOKING HOLDINGS INC,BKNG,0.177879
CHUBB LTD,CB,0.17683
PROGRESSIVE CORP,PGR,0.176806
ALTRIA GROUP INC,MO,0.172957
MEDTRONIC PLC,MDT,0.16898
VALERO ENERGY CORP,VLO,0.165807
FORTINET INC,FTNT,0.165608
MARATHON PETROLEUM CORP,MPC,0.165091
CVS HEALTH CORP,CVS,0.163693
ACCENTURE PLC CL A,ACN,0.163292
STARBUCKS CORP,SBUX,0.160694
LOCKHEED MARTIN CORP,LMT,0.160044
LOWE S COS INC,LOW,0.158926
AUTOMATIC DATA PROCESSING,ADP,0.157226
FREEPORT MCMORAN INC,FCX,0.155681
EQUINIX INC,EQIX,0.153609
PHILLIPS 66,PSX,0.153521
BANK OF NEW YORK MELLON CORP,BNY,0.153247
MCKESSON CORP,MCK,0.152453
QUANTA SERVICES INC,PWR,0.14554
CME GROUP INC,CME,0.145415
TRANE TECHNOLOGIES PLC,TT,0.145105
ROBINHOOD MARKETS INC   A,HOOD,0.143733
SOUTHERN CO/THE,SO,0.143356
ADOBE INC,ADBE,0.142853
VERTIV HOLDINGS CO A,VRT,0.142104
STRYKER CORP,SYK,0.141612
HOWMET AEROSPACE INC,HWM,0.137587
US BANCORP,USB,0.136863
PNC FINANCIAL SERVICES GROUP,PNC,0.133992
CADENCE DESIGN SYS INC,CDNS,0.133382
DUKE ENERGY CORP,DUK,0.132853
INTERCONTINENTAL EXCHANGE IN,ICE,0.132521
JOHNSON CONTROLS INTERNATION,JCI,0.132405
BLACKSTONE INC,BX,0.132325
EMERSON ELECTRIC CO,EMR,0.130973
CSX CORP,CSX,0.130782
3M CO,MMM,0.12993
ELEVANCE HEALTH INC,ELV,0.129916
WILLIAMS COS INC,WMB,0.129912
CONSTELLATION ENERGY,CEG,0.129627
DATADOG INC   CLASS A,DDOG,0.129415
GENERAL DYNAMICS CORP,GD,0.128506
APPLOVIN CORP CLASS A,APP,0.127304
HEWLETT PACKARD ENTERPRISE,HPE,0.126496
LUMENTUM HOLDINGS INC,LITE,0.123786
SYNOPSYS INC,SNPS,0.122429
MARSH + MCLENNAN COS,MRSH,0.121988
T MOBILE US INC,TMUS,0.120053
BLOOM ENERGY CORP  A,BE,0.11811
COMCAST CORP CLASS A,CMCSA,0.117793
REGENERON PHARMACEUTICALS,REGN,0.117423
AMERICAN TOWER CORP,AMT,0.117282
MONDELEZ INTERNATIONAL INC A,MDLZ,0.116785
WARNER BROS DISCOVERY INC,WBD,0.116433
WASTE MANAGEMENT INC,WM,0.116264
SLB LTD,SLB,0.11478
INTUIT INC,INTU,0.114038
TRAVELERS COS INC/THE,TRV,0.113689
ROSS STORES INC,ROST,0.113549
MOTOROLA SOLUTIONS INC,MSI,0.113194
MARRIOTT INTERNATIONAL  CL A,MAR,0.113063
EOG RESOURCES INC,EOG,0.112681
SHERWIN WILLIAMS CO/THE,SHW,0.109998
MODERNA INC,MRNA,0.108781
CUMMINS INC,CMI,0.107845
TARGET CORP,TGT,0.106754
GENERAL MOTORS CO,GM,0.106307
DOORDASH INC   A,DASH,0.106142
ILLINOIS TOOL WORKS,ITW,0.106056
NORFOLK SOUTHERN CORP,NSC,0.105858
HILTON WORLDWIDE HOLDINGS IN,HLT,0.105622
THE CIGNA GROUP,CI,0.105572
O REILLY AUTOMOTIVE INC,ORLY,0.104908
MOODY S CORP,MCO,0.104687
ECOLAB INC,ECL,0.104482
UNITED PARCEL SERVICE CL B,UPS,0.103768
CINTAS CORP,CTAS,0.102313
NORTHROP GRUMMAN CORP,NOC,0.102274
COLGATE PALMOLIVE CO,CL,0.102243
HONEYWELL INTERNATIONAL INC,HON,0.101024
SIMON PROPERTY GROUP INC,SPG,0.099576
KKR + CO INC,KKR,0.099556
MONOLITHIC POWER SYSTEMS INC,MPWR,0.098632
BOSTON SCIENTIFIC CORP,BSX,0.097389
AMERICAN ELECTRIC POWER,AEP,0.096323
DIGITAL REALTY TRUST INC,DLR,0.095695
UNITED RENTALS INC,URI,0.095584
AIRBNB INC CLASS A,ABNB,0.095534
AIR PRODUCTS + CHEMICALS INC,APD,0.095341
HCA HEALTHCARE INC,HCA,0.09377
TE CONNECTIVITY PLC,TEL,0.093054
FEDEX CORP,FDX,0.092566
KINDER MORGAN INC,KMI,0.092094
TRANSDIGM GROUP INC,TDG,0.091974
KEYSIGHT TECHNOLOGIES IN,KEYS,0.091922
MONSTER BEVERAGE CORP,MNST,0.091721
TARGA RESOURCES CORP,TRGP,0.091304
TERADYNE INC,TER,0.091198
ROYAL CARIBBEAN CRUISES LTD,RCL,0.089398
CENCORA INC,COR,0.088938
AON PLC CLASS A,AON,0.088092
PACCAR INC,PCAR,0.087702
FASTENAL CO,FAST,0.087607
ARTHUR J GALLAGHER + CO,AJG,0.087549
NXP SEMICONDUCTORS NV,NXPI,0.087341
COMFORT SYSTEMS USA INC,FIX,0.086806
TRUIST FINANCIAL CORP,TFC,0.086687
ONEOK INC,OKE,0.086485
ALLSTATE CORP,ALL,0.086405
APOLLO GLOBAL MANAGEMENT INC,APO,0.08574
BAKER HUGHES CO,BKR,0.085634
COHERENT CORP,COHR,0.085632
AMETEK INC,AME,0.085378
NUCOR CORP,NUE,0.08458
CRH PLC,CRH,0.084032
WW GRAINGER INC,GWW,0.083387
DEVON ENERGY CORP,DVN,0.080881
DOMINION ENERGY INC,D,0.079968
CORTEVA INC,CTVA,0.079716
REALTY INCOME CORP,O,0.078829
METLIFE INC,MET,0.078068
CARDINAL HEALTH INC,CAH,0.077874
SEMPRA,SRE,0.076503
AFLAC INC,AFL,0.076501
CIENA CORP,CIEN,0.076298
HONEYWELL AEROSPACE INC,HONA,0.075601
STATE STREET CORP,STT,0.074818
EDWARDS LIFESCIENCES CORP,EW,0.074374
FORD MOTOR CO,F,0.074227
DELTA AIR LINES INC,DAL,0.074079
WABTEC CORP,WAB,0.073693
AGILENT TECHNOLOGIES INC,A,0.073539
BECTON DICKINSON AND CO,BDX,0.073414
GARMIN LTD,GRMN,0.073307
ROCKWELL AUTOMATION INC,ROK,0.072337
SSI US GOV MONEY MARKET CLASS,-,0.071969
PUBLIC STORAGE,PSA,0.071886
FIFTH THIRD BANCORP,FITB,0.070246
AUTOZONE INC,AZO,0.070195
CARVANA CO,CVNA,0.069599
ENTERGY CORP,ETR,0.068831
HUMANA INC,HUM,0.068686
IQVIA HOLDINGS INC,IQV,0.068051
CARRIER GLOBAL CORP,CARR,0.068027
PAYPAL HOLDINGS INC,PYPL,0.067673
AUTODESK INC,ADSK,0.067104
VENTAS INC,VTR,0.066989
COINBASE GLOBAL INC  CLASS A,COIN,0.066805
L3HARRIS TECHNOLOGIES INC,LHX,0.066648
VIVMARK RESIDENTIAL,VMRK,0.066065
XCEL ENERGY INC,XEL,0.065429
VISTRA CORP,VST,0.065375
NIKE INC  CL B,NKE,0.065027
EBAY INC,EBAY,0.06494
AMERIPRISE FINANCIAL INC,AMP,0.064463
FERGUSON ENTERPRISES INC,FERG,0.064013
OCCIDENTAL PETROLEUM CORP,OXY,0.063767
WATERS CORP,WAT,0.063552
KEURIG DR PEPPER INC,KDP,0.063317
NASDAQ INC,NDAQ,0.062807
REPUBLIC SERVICES INC,RSG,0.062696
FLEX LTD,FLEX,0.062465
BLOCK INC,XYZ,0.062411
EXELON CORP,EXC,0.062376
ILLUMINA INC,ILMN,0.062172
VEEVA SYSTEMS INC CLASS A,VEEV,0.061764
PRUDENTIAL FINANCIAL INC,PRU,0.061595
INTERACTIVE BROKERS GRO CL A,IBKR,0.061224
MICROCHIP TECHNOLOGY INC,MCHP,0.061054
EVERPURE INC A,P,0.060942
CHIPOTLE MEXICAN GRILL INC,CMG,0.060926
MSCI INC,MSCI,0.060862
IDEXX LABORATORIES INC,IDXX,0.060857
ARCHER DANIELS MIDLAND CO,ADM,0.059443
AMERICAN INTERNATIONAL GROUP,AIG,0.058857
CBRE GROUP INC   A,CBRE,0.058566
NETAPP INC,NTAP,0.058199
DIAMONDBACK ENERGY INC,FANG,0.058085
WORKDAY INC CLASS A,WDAY,0.057755
CONSOLIDATED EDISON INC,ED,0.057182
YUM  BRANDS INC,YUM,0.056386
SYSCO CORP,SYY,0.056358
AXON ENTERPRISE INC,AXON,0.054417
UNITED AIRLINES HOLDINGS INC,UAL,0.054331
ROPER TECHNOLOGIES INC,ROP,0.054164
DR HORTON INC,DHI,0.053725
TAKE TWO INTERACTIVE SOFTWRE,TTWO,0.053656
HARTFORD INSURANCE GROUP INC,HIG,0.05122
IRON MOUNTAIN INC,IRM,0.05106
KENVUE INC,KVUE,0.050914
KROGER CO,KR,0.050546
BIOGEN INC,BIIB,0.050285
PUBLIC SERVICE ENTERPRISE GP,PEG,0.049937
EMCOR GROUP INC,EME,0.049898
DEXCOM INC,DXCM,0.049647
WEC ENERGY GROUP INC,WEC,0.049463
OLD DOMINION FREIGHT LINE,ODFL,0.049115
JABIL INC,JBL,0.048957
PAYCHEX INC,PAYX,0.04894
EQT CORP,EQT,0.048886
KIMBERLY CLARK CORP,KMB,0.048639
ARCH CAPITAL GROUP LTD,ACGL,0.048583
RESMED INC,RMD,0.048142
NORTHERN TRUST CORP,NTRS,0.047997
STEEL DYNAMICS INC,STLD,0.047643
M + T BANK CORP,MTB,0.047514
VULCAN MATERIALS CO,VMC,0.047162
HUNTINGTON BANCSHARES INC,HBAN,0.04658
CENTENE CORP,CNC,0.04601
METTLER TOLEDO INTERNATIONAL,MTD,0.045828
EXPEDIA GROUP INC,EXPE,0.045133
GE HEALTHCARE TECHNOLOGY,GEHC,0.045091
ZOETIS INC,ZTS,0.043682
MARTIN MARIETTA MATERIALS,MLM,0.043406
CROWN CASTLE INC,CCI,0.043289
ON SEMICONDUCTOR,ON,0.042834
HP INC,HPQ,0.042829
TELEDYNE TECHNOLOGIES INC,TDY,0.042724
CBOE GLOBAL MARKETS INC,CBOE,0.042127
EXTRA SPACE STORAGE INC,EXR,0.042005
CARNIVAL CORP LTD,CCL,0.041744
RAYMOND JAMES FINANCIAL INC,RJF,0.041395
AMEREN CORPORATION,AEE,0.041385
WILLIS TOWERS WATSON PLC,WTW,0.041012
HALLIBURTON CO,HAL,0.040975
CITIZENS FINANCIAL GROUP,CFG,0.040948
P G + E CORP,PCG,0.040892
LIVE NATION ENTERTAINMENT IN,LYV,0.040829
DOLLAR GENERAL CORP,DG,0.040635
WILLIAMS SONOMA INC,WSM,0.040596
ARES MANAGEMENT CORP   A,ARES,0.040459
ATMOS ENERGY CORP,ATO,0.03973
CORPAY INC,CPAY,0.039566
WEST PHARMACEUTICAL SERVICES,WST,0.039537
AMERICAN WATER WORKS CO INC,AWK,0.039339
QUEST DIAGNOSTICS INC,DGX,0.039294
INGERSOLL RAND INC,IR,0.038848
COGNIZANT TECH SOLUTIONS A,CTSH,0.038739
VICI PROPERTIES INC,VICI,0.03855
QNITY ELECTRONICS INC,Q,0.038501
OTIS WORLDWIDE CORP,OTIS,0.038205
F5 INC,FFIV,0.038086
DOVER CORP,DOV,0.038017
DTE ENERGY COMPANY,DTE,0.03799
LABCORP HOLDINGS INC,LH,0.037713
CINCINNATI FINANCIAL CORP,CINF,0.03744
HUBBELL INC,HUBB,0.037053
FISERV INC,FISV,0.036862
HERSHEY CO/THE,HSY,0.036704
CENTERPOINT ENERGY INC,CNP,0.036526
SMURFIT WESTROCK PLC,SW,0.03639
EVERSOURCE ENERGY,ES,0.036271
PPL CORP,PPL,0.036186
XYLEM INC,XYL,0.03606
EXPEDITORS INTL WASH INC,EXPD,0.035926
VERISIGN INC,VRSN,0.035701
PPG INDUSTRIES INC,PPG,0.035599
COPART INC,CPRT,0.035541
ULTA BEAUTY INC,ULTA,0.035486
ESTEE LAUDER COMPANIES CL A,EL,0.035448
DARDEN RESTAURANTS INC,DRI,0.035395
VERALTO CORP,VLTO,0.035288
SUPER MICRO COMPUTER INC,SMCI,0.035121
REGIONS FINANCIAL CORP,RF,0.035004
SYNCHRONY FINANCIAL,SYF,0.035002
CHURCH + DWIGHT CO INC,CHD,0.034091
FIRSTENERGY CORP,FE,0.033799
TAPESTRY INC,TPR,0.033622
REDDIT INC CL A,RDDT,0.033562
PRINCIPAL FINANCIAL GROUP,PFG,0.033397
CASEY S GENERAL STORES INC,CASY,0.033389
T ROWE PRICE GROUP INC,TROW,0.033376
PULTEGROUP INC,PHM,0.033327
VERISK ANALYTICS INC,VRSK,0.033013
INTL FLAVORS + FRAGRANCES,IFF,0.032905
DOLLAR TREE INC,DLTR,0.032803
INCYTE CORP,INCY,0.031877
PACKAGING CORP OF AMERICA,PKG,0.031736
KRAFT HEINZ CO/THE,KHC,0.031037
DOW INC,DOW,0.031037
NRG ENERGY INC,NRG,0.030981
EXPAND ENERGY CORP,EXE,0.030851
OMNICOM GROUP,OMC,0.030829
STERIS PLC,STE,0.030613
SOUTHWEST AIRLINES CO,LUV,0.030509
EDISON INTERNATIONAL,EIX,0.030431
VIATRIS INC,VTRS,0.030086
TEXAS PACIFIC LAND CORP,TPL,0.029845
CMS ENERGY CORP,CMS,0.029572
AMCOR PLC,AMCR,0.02919
SNAP ON INC,SNA,0.028644
GLOBAL PAYMENTS INC,GPN,0.028509
NISOURCE INC,NI,0.028231
GENERAL MILLS INC,GIS,0.028008
BROADRIDGE FINANCIAL SOLUTIO,BR,0.027924
INTERNATIONAL PAPER CO,IP,0.027892
FIRST SOLAR INC,FSLR,0.027843
FAIR ISAAC CORP,FICO,0.027741
KEYCORP,KEY,0.027633
FIDELITY NATIONAL INFO SERV,FIS,0.027226
BEST BUY CO INC,BBY,0.027099
CF INDUSTRIES HOLDINGS INC,CF,0.026953
EVERGY INC,EVRG,0.026924
GENUINE PARTS CO,GPC,0.026847
SBA COMMUNICATIONS CORP,SBAC,0.026481
DUPONT DE NEMOURS INC,DD,0.026444
EQUIFAX INC,EFX,0.026308
ESSEX PROPERTY TRUST INC,ESS,0.026301
CDW CORP/DE,CDW,0.02624
BROWN + BROWN INC,BRO,0.026142
LOEWS CORP,L,0.026133
BUNGE GLOBAL SA,BG,0.026102
ZEBRA TECHNOLOGIES CORP CL A,ZBRA,0.026053
CONSTELLATION BRANDS INC A,STZ,0.025801
ZIMMER BIOMET HOLDINGS INC,ZBH,0.025717
HUNT (JB) TRANSPRT SVCS INC,JBHT,0.02569
C.H. ROBINSON WORLDWIDE INC,CHRW,0.025674
NORDSON CORP,NDSN,0.025668
IDEX CORP,IEX,0.025361
REVVITY INC,RVTY,0.025275
FORTIVE CORP,FTV,0.025187
ALLIANT ENERGY CORP,LNT,0.024618
TRACTOR SUPPLY COMPANY,TSCO,0.024558
AKAMAI TECHNOLOGIES INC,AKAM,0.023866
JACOBS SOLUTIONS INC,J,0.023789
NVR INC,NVR,0.023774
LENNAR CORP A,LEN,0.023727
LYONDELLBASELL INDU CL A,LYB,0.023431
LEIDOS HOLDINGS INC,LDOS,0.023216
APA CORP,APA,0.023007
WR BERKLEY CORP,WRB,0.022927
HOST HOTELS + RESORTS INC,HST,0.022885
BALL CORP,BALL,0.022625
PTC INC,PTC,0.022416
KIMCO REALTY CORP,KIM,0.022377
WEYERHAEUSER CO,WY,0.021943
TYSON FOODS INC CL A,TSN,0.021794
INVITATION HOMES INC,INVH,0.021409
CHARLES RIVER LABORATORIES,CRL,0.021228
HEALTHPEAK PROPERTIES INC,DOC,0.021072
MID AMERICA APARTMENT COMM,MAA,0.020602
INVESCO LTD,IVZ,0.020514
STANLEY BLACK + DECKER INC,SWK,0.02048
FEDEX FREIGHT HOLDING CO,FDXF,0.020472
TRIMBLE INC,TRMB,0.020259
MASCO CORP,MAS,0.019955
EVEREST GROUP LTD,EG,0.019931
RALPH LAUREN CORP,RL,0.019907
SKYWORKS SOLUTIONS INC,SWKS,0.01988
CHARTER COMMUNICATIONS INC A,CHTR,0.019781
TEXTRON INC,TXT,0.019592
ALLEGION PLC,ALLE,0.019512
JM SMUCKER CO/THE,SJM,0.019505
ASSURANT INC,AIZ,0.019461
GLOBE LIFE INC,GL,0.019391
AVERY DENNISON CORP,AVY,0.019312
FOX CORP   CLASS A,FOXA,0.019276
SOLVENTUM CORP,SOLV,0.019263
ALBEMARLE CORP,ALB,0.01926
GODADDY INC   CLASS A,GDDY,0.01921
ECHOSTAR CORP A,ECHO,0.018816
TYLER TECHNOLOGIES INC,TYL,0.018758
GEN DIGITAL INC,GEN,0.018692
HASBRO INC,HAS,0.018421
REGENCY CENTERS CORP,REG,0.018375
BAXTER INTERNATIONAL INC,BAX,0.018311
MCCORMICK + CO NON VTG SHRS,MKC,0.018291
GENERAC HOLDINGS INC,GNRC,0.017584
LENNOX INTERNATIONAL INC,LII,0.017469
BIO TECHNE CORP,TECH,0.017195
COSTAR GROUP INC,CSGP,0.017027
GARTNER INC,IT,0.017023
TKO GROUP HOLDINGS INC,TKO,0.016685
PINNACLE WEST CAPITAL,PNW,0.0166
COOPER COS INC/THE,COO,0.016325
DECKERS OUTDOOR CORP,DECK,0.016112
AES CORP,AES,0.016073
LULULEMON ATHLETICA INC,LULU,0.015998
JACK HENRY + ASSOCIATES INC,JKHY,0.015865
HUNTINGTON INGALLS INDUSTRIE,HII,0.015781
NEWS CORP   CLASS A,NWSA,0.015406
LAS VEGAS SANDS CORP,LVS,0.015059
BXP INC,BXP,0.014951
CLOROX COMPANY,CLX,0.014935
UDR INC,UDR,0.014804
CAMDEN PROPERTY TRUST,CPT,0.014721
DOMINO S PIZZA INC,DPZ,0.014576
FACTSET RESEARCH SYSTEMS INC,FDS,0.014499
ALIGN TECHNOLOGY INC,ALGN,0.01445
FRANKLIN TEMPLETON INC,BEN,0.014427
INSULET CORP,PODD,0.014241
UNIVERSAL HEALTH SERVICES B,UHS,0.01378
ROLLINS INC,ROL,0.013686
APTIV PLC,APTV,0.013599
FEDERAL REALTY INVS TRUST,FRT,0.013332
PENTAIR PLC,PNR,0.012782
HENRY SCHEIN INC,HSIC,0.012265
ALEXANDRIA REAL ESTATE EQUIT,ARE,0.012036
FOX CORP   CLASS B,FOX,0.011607
MOSAIC CO/THE,MOS,0.011377
NORWEGIAN CRUISE LINE HOLDIN,NCLH,0.009763
SMITH (A.O.) CORP,AOS,0.009507
MGM RESORTS INTERNATIONAL,MGM,0.008916
DAVITA INC,DVA,0.008874
WYNN RESORTS LTD,WYNN,0.008813
HORMEL FOODS CORP,HRL,0.008744
ERIE INDEMNITY COMPANY CL A,ERIE,0.008449
PARAMOUNT SKYDANCE CL B,PSKY,0.008352
US DOLLAR,-,0.007574
BROWN FORMAN CORP CLASS B,BF.B,0.006929
NEWS CORP   CLASS B,NWS,0.005588
S+P500 EMINI FUT  DEC26,ESZ6,0.001035
TPG INC,2602335D,3e-06
CONTRA WALGREENS BOOTS,-,1e-06
