# source: https://www.ssga.com/us/en/intermediary/library-content/products/fund-data/etfs/us/holdings-daily-us-en-xlre.xlsx ; holdings as of 24-Sep-2026 ; downloaded 2026-09-27
name,ticker,weight_pct
WELLTOWER INC,WELL,11.620979
PROLOGIS INC,PLD,8.777318
EQUINIX INC,EQIX,7.046498
AMERICAN TOWER CORP,AMT,5.379215
SIMON PROPERTY GROUP INC,SPG,4.649769
VENTAS INC,VTR,4.513364
CBRE GROUP INC   A,CBRE,4.489842
PUBLIC STORAGE,PSA,4.487542
DIGITAL REALTY TRUST INC,DLR,4.447259
VIVMARK RESIDENTIAL,VMRK,4.364849
REALTY INCOME CORP,O,4.282662
IRON MOUNTAIN INC,IRM,3.919511
CROWN CASTLE INC,CCI,3.320404
EXTRA SPACE STORAGE INC,EXR,3.223804
VICI PROPERTIES INC,VICI,2.956701
SBA COMMUNICATIONS CORP,SBAC,2.033674
ESSEX PROPERTY TRUST INC,ESS,2.014493
HOST HOTELS + RESORTS INC,HST,1.755948
KIMCO REALTY CORP,KIM,1.722295
WEYERHAEUSER CO,WY,1.67506
INVITATION HOMES INC,INVH,1.643591
HEALTHPEAK PROPERTIES INC,DOC,1.612859
MID AMERICA APARTMENT COMM,MAA,1.569936
REGENCY CENTERS CORP,REG,1.402246
COSTAR GROUP INC,CSGP,1.302442
BXP INC,BXP,1.147286
UDR INC,UDR,1.131861
CAMDEN PROPERTY TRUST,CPT,1.130135
FEDERAL REALTY INVS TRUST,FRT,1.017966
ALEXANDRIA REAL ESTATE EQUIT,ARE,0.913519
US DOLLAR,-,0.043871
SSI US GOV MONEY MARKET CLASS,-,0.010514
EMINI S+P REESTATEDEC26,XARZ6,-0.011212
