# source: https://www.ssga.com/us/en/intermediary/library-content/products/fund-data/etfs/us/holdings-daily-us-en-xlu.xlsx ; holdings as of 24-Sep-2026 ; downloaded 2026-09-27
name,ticker,weight_pct
NEXTERA ENERGY INC,NEE,12.72662
SOUTHERN CO/THE,SO,7.693124
DUKE ENERGY CORP,DUK,7.122851
CONSTELLATION ENERGY,CEG,6.954891
AMERICAN ELECTRIC POWER,AEP,5.163971
DOMINION ENERGY INC,D,4.285987
SEMPRA,SRE,4.101296
ENTERGY CORP,ETR,3.695493
VISTRA CORP,VST,3.511138
XCEL ENERGY INC,XEL,3.505508
EXELON CORP,EXC,3.34795
CONSOLIDATED EDISON INC,ED,3.064661
PUBLIC SERVICE ENTERPRISE GP,PEG,2.676524
WEC ENERGY GROUP INC,WEC,2.652637
AMEREN CORPORATION,AEE,2.215709
P G + E CORP,PCG,2.189116
ATMOS ENERGY CORP,ATO,2.132646
AMERICAN WATER WORKS CO INC,AWK,2.108846
DTE ENERGY COMPANY,DTE,2.034429
CENTERPOINT ENERGY INC,CNP,1.956842
PPL CORP,PPL,1.941079
EVERSOURCE ENERGY,ES,1.938907
FIRSTENERGY CORP,FE,1.8147
NRG ENERGY INC,NRG,1.659511
EDISON INTERNATIONAL,EIX,1.631228
CMS ENERGY CORP,CMS,1.588051
NISOURCE INC,NI,1.513591
EVERGY INC,EVRG,1.444651
ALLIANT ENERGY CORP,LNT,1.324434
PINNACLE WEST CAPITAL,PNW,0.890621
AES CORP,AES,0.854773
SSI US GOV MONEY MARKET CLASS,-,0.08548
US DOLLAR,-,0.02387
XAU UTILITIES     DEC26,IXSZ6,-0.010985
