# source: https://www.ssga.com/us/en/intermediary/library-content/products/fund-data/etfs/us/holdings-daily-us-en-xlv.xlsx ; holdings as of 24-Sep-2026 ; downloaded 2026-09-27
name,ticker,weight_pct
ELI LILLY + CO,LLY,15.31431
JOHNSON + JOHNSON,JNJ,10.56333
ABBVIE INC,ABBV,7.586732
MERCK + CO. INC.,MRK,5.91219
UNITEDHEALTH GROUP INC,UNH,5.450891
THERMO FISHER SCIENTIFIC INC,TMO,4.061882
AMGEN INC,AMGN,3.554807
GILEAD SCIENCES INC,GILD,3.005662
ABBOTT LABORATORIES,ABT,2.832114
PFIZER INC,PFE,2.622205
INTUITIVE SURGICAL INC,ISRG,2.285576
DANAHER CORP,DHR,2.267133
VERTEX PHARMACEUTICALS INC,VRTX,2.144036
BRISTOL MYERS SQUIBB CO,BMY,2.034367
MEDTRONIC PLC,MDT,1.819775
CVS HEALTH CORP,CVS,1.76149
MCKESSON CORP,MCK,1.641462
STRYKER CORP,SYK,1.52473
ELEVANCE HEALTH INC,ELV,1.398619
REGENERON PHARMACEUTICALS,REGN,1.263712
MODERNA INC,MRNA,1.171371
THE CIGNA GROUP,CI,1.136056
BOSTON SCIENTIFIC CORP,BSX,1.04857
HCA HEALTHCARE INC,HCA,1.009593
CENCORA INC,COR,0.957547
CARDINAL HEALTH INC,CAH,0.838428
EDWARDS LIFESCIENCES CORP,EW,0.800195
BECTON DICKINSON AND CO,BDX,0.790543
AGILENT TECHNOLOGIES INC,A,0.790479
HUMANA INC,HUM,0.739549
IQVIA HOLDINGS INC,IQV,0.733034
WATERS CORP,WAT,0.684558
ILLUMINA INC,ILMN,0.669731
VEEVA SYSTEMS INC CLASS A,VEEV,0.665158
IDEXX LABORATORIES INC,IDXX,0.654977
BIOGEN INC,BIIB,0.541633
DEXCOM INC,DXCM,0.534514
RESMED INC,RMD,0.518309
CENTENE CORP,CNC,0.495339
METTLER TOLEDO INTERNATIONAL,MTD,0.492933
GE HEALTHCARE TECHNOLOGY,GEHC,0.485533
ZOETIS INC,ZTS,0.470228
WEST PHARMACEUTICAL SERVICES,WST,0.425803
QUEST DIAGNOSTICS INC,DGX,0.422864
LABCORP HOLDINGS INC,LH,0.40577
INCYTE CORP,INCY,0.3431
STERIS PLC,STE,0.329621
VIATRIS INC,VTRS,0.324011
ZIMMER BIOMET HOLDINGS INC,ZBH,0.277019
REVVITY INC,RVTY,0.272286
CHARLES RIVER LABORATORIES,CRL,0.227646
SOLVENTUM CORP,SOLV,0.207573
BAXTER INTERNATIONAL INC,BAX,0.196578
BIO TECHNE CORP,TECH,0.183985
COOPER COS INC/THE,COO,0.17491
SSI US GOV MONEY MARKET CLASS,-,0.160324
ALIGN TECHNOLOGY INC,ALGN,0.155808
INSULET CORP,PODD,0.152512
UNIVERSAL HEALTH SERVICES B,UHS,0.148097
HENRY SCHEIN INC,HSIC,0.132749
DAVITA INC,DVA,0.095641
US DOLLAR,-,0.019401
XAV  HEALTH CARE  DEC26,IXCZ6,0.003509
TPG INC,2602335D,3.7e-05
