quantity,L_28sep_B0_40736,L_25sep_basis_B0_40400_seed20260927,insight_v1_E6_ref_H8
total_p5,182391.30476939684,182115.05043905842,182000.0
total_p50,207221.26858198427,206744.2142108813,207000.0
total_p95,250719.91174250699,249872.2945199993,250000.0
gift_p5,165132.6799082837,165032.61853509184,
gift_p50,174195.72484433447,173971.49989303344,
gift_p95,187933.19226629552,187610.8933169944,
kept_p50,32227.780343075552,32000.0056603021,
median_top_2031,174988.24604106846,174733.73888909086,
P_top_reached,0.732755,0.732655,
