fund,lens,gift_p5,gift_p10,gift_p50,gift_p90,gift_p95,p_top,width_p50,T33_p5,T33_p50,kept_p50,fund33_p5,windows,gift_worst,name
A0,MC_JPM,165158.36,166819.94,174169.08,184323.05,187891.95,0.73,24974.32,182408.96,207168.87,32215.05,32408.96,,,VT (baseline)
A1,MC_JPM,165437.72,167085.64,174326.85,184269.86,187748.08,0.74,25087.34,183081.55,207623.89,32507.79,33081.55,,,VTI + VXUS 62/38
A2,MC_JPM,165096.97,166763.43,173965.19,183856.24,187307.34,0.73,24763.22,182274.27,206318.46,31621.99,32274.27,,,U.S. only
A3,MC_JPM,165080.51,166786.91,174270.98,184710.23,188365.82,0.73,25082.11,182361.74,207574.57,32526.11,32361.74,,,VT + small/value tilt
A4,MC_JPM,166322.73,167843.15,174507.28,183610.34,186764.27,0.76,25117.45,185012.85,207732.90,32586.68,35012.85,,,VT + gold/REIT
A0,history_1928_2020,168095.35,168862.59,177613.00,187368.38,191912.88,0.89,,,219886.56,,,93.00,158969.35,VT (baseline)
A1,history_1928_2020,167997.07,169052.87,177976.44,187159.77,190429.55,0.88,,,219211.30,,,93.00,158427.95,VTI + VXUS 62/38
A2,history_1928_2020,165249.80,167381.63,178096.37,186268.41,190507.09,0.84,,,224660.48,,,93.00,156952.00,U.S. only
A3,history_1928_2020,167220.11,169674.96,179203.43,190098.65,192040.21,0.87,,,226248.89,,,93.00,157289.47,VT + small/value tilt
A4,history_1928_2020,168927.21,170250.76,176875.85,185030.54,188013.15,0.91,,,215516.27,,,93.00,160610.89,VT + gold/REIT
A0,etf_2011_2020,172729.71,172973.86,175914.97,180928.03,183271.35,0.90,,,217108.91,,,10.00,172485.56,VT (baseline)
A1,etf_2011_2020,173386.39,173474.35,177182.15,182545.63,184510.09,0.90,,,219815.56,,,10.00,173298.44,VTI + VXUS 62/38
A2,etf_2011_2020,175398.07,175853.11,179244.62,186112.36,188306.00,1.00,,,229259.73,,,10.00,174943.02,U.S. only
A4,etf_2011_2020,172858.97,172863.81,175334.30,179601.95,182111.94,0.80,,,214255.08,,,10.00,172854.13,VT + gold/REIT
