instrument,type,wins_name,wins_name_status,coupon_pct,maturity,cusip,price,accrued_per100_recorded,price_date,price_source,price_status,bookL_pays_year,bookL_end_date,bookL_size,portfolio_role
IBTM,ETF,iShares iBonds Dec 2032 Term Treasury ETF,SEEN 2026-09-29 (WInS Notes),,2032-12-15,,21.76,,2026-09-28,WInS close (tab WInS Notes),SEEN 2026-09-29,2033,2032-12-15,1678,Jan 2033 payment + facility floor
IBTO,ETF,iShares iBonds Dec 2033 Term Treasury ETF,UNVERIFIED (name not recorded from WInS; IBTN in WInS is INSCORP Inc),,2033-12-15,,23.02,,2026-09-28,iShares closing price 28 Sep (= Nasdaq consolidated close 23.015 rounded),OUTSIDE SOURCE; WInS price not recorded,2034,2033-12-15,1503,Jan 2034 payment
IBTP,ETF,iShares iBonds Dec 2034 Term Treasury ETF,UNVERIFIED (name not recorded from WInS),,2034-12-15,,24.10,,2026-09-28,iShares closing price 28 Sep (Nasdaq 24.1006),OUTSIDE SOURCE; WInS price not recorded,2035,2034-12-15,1362,Jan 2035 payment
IBTQ,ETF,iShares iBonds Dec 2035 Term Treasury ETF,UNVERIFIED (name not recorded from WInS),,2035-12-15,,23.70,,2026-09-28,iShares closing price 28 Sep (Nasdaq 23.6951),OUTSIDE SOURCE; WInS price not recorded,2036,2035-12-15,1311,Jan 2036 payment
IBTR,ETF,iShares iBonds Dec 2036 Term Treasury ETF,UNVERIFIED (name not recorded from WInS),,2036-12-15,,23.49,,2026-09-28,iShares closing price 28 Sep (Nasdaq 23.485),OUTSIDE SOURCE; WInS price not recorded,2037,2036-12-15,1252,Jan 2037 payment
VT,ETF,Vanguard Total World Stock ETF,SEEN 2026-09-29 (WInS Notes),,,,158.81,,2026-09-28,WInS close (tab WInS Notes),SEEN 2026-09-29,,,,Growth: world stock fund
T 4.750% 15-Feb-2037,Treasury,UNVERIFIED (Sheet label; exact WInS string not recorded),UNVERIFIED,4.750,2037-02-15,912810PT9,97.152,0.560,2026-09-28,Sheet tab Book L (typed-in WInS 28 Sep clean + accrued),SEEN via Sheet 2026-09-30,2038,2037-02-15,30000,Jan 2038 payment
T 4.500% 15-May-2038,Treasury,UNVERIFIED (Sheet label; exact WInS string not recorded),UNVERIFIED,4.500,2038-05-15,912810PX0,94.281,0.530,2026-09-28,Sheet tab Book L (typed-in WInS 28 Sep clean + accrued),SEEN via Sheet 2026-09-30,2039,2038-05-15,29000,Jan 2039 payment
T 4.375% 15-Nov-2039,Treasury,UNVERIFIED (Sheet label; exact WInS string not recorded),UNVERIFIED,4.375,2039-11-15,912810QD3,91.363,1.606,2026-09-28,Sheet tab Book L (typed-in WInS 28 Sep clean + accrued),SEEN via Sheet 2026-09-30,2040,2039-11-15,27000,Jan 2040 payment
T 4.250% 15-Nov-2040,Treasury,UNVERIFIED (Sheet label; exact WInS string not recorded),UNVERIFIED,4.250,2040-11-15,912810QL5,89.186,1.572,2026-09-28,Sheet tab Book L (typed-in WInS 28 Sep clean + accrued),SEEN via Sheet 2026-09-30,2041,2040-11-15,26000,Jan 2041 payment
T 3.125% 15-Nov-2041,Treasury,UNVERIFIED (Sheet label; exact WInS string not recorded),UNVERIFIED,3.125,2041-11-15,912810QT8,76.367,1.156,2026-09-28,Sheet tab Book L (typed-in WInS 28 Sep clean + accrued),SEEN via Sheet 2026-09-30,2042,2041-11-15,29000,Jan 2042 payment
T 4.500% 15-Feb-2036,Treasury,UNVERIFIED,UNVERIFIED,4.500,2036-02-15,912810FT0,102.95,,2026-09-28,RAB brief + premortem PM-04 (seen in WInS 29 Sep; clean vs dirty not recorded),UNVERIFIED (reported stale),,,,not in book (stale price)
T 4.375% 15-Feb-2038,Treasury,UNVERIFIED,UNVERIFIED,4.375,2038-02-15,912810PW2,99.98,,2026-09-28,RAB brief + premortem PM-04 + Book L note (seen in WInS 29 Sep; clean vs dirty not recorded),UNVERIFIED (reported stale),,,,not in book (stale price)
