input,label,S1,S1_conf,ST,ST_conf
d,Yield move before the Jan 2027 purchase,0.6687231321458016,0.0209930466804217,0.6941215801998273,0.014732515983312792
u1,market luck 2028,0.05753755241652204,0.006109226705174891,0.07400901738783633,0.0039308338246940595
u2,market luck 2029,0.05329336403098694,0.005997831649514078,0.06757221617228265,0.003453965866107326
u3,market luck 2030,0.046368518646942226,0.005002545680697094,0.06250063913094947,0.003444627105185425
e,5-year yield move during 2027 (floor price),0.05138730432513953,0.004330709449614909,0.056916070651386846,0.002025844710483261
fee,Yearly costs paid from the stock fund,0.04634103951881639,0.00477598482426686,0.04878090150202964,0.001221400517777023
u4,market luck 2031,0.011785034440324452,0.002871790685747834,0.016718212550069406,0.000864669643004473
u5,market luck 2032,0.008774515706721596,0.0027907671583833724,0.014515721858417818,0.0007936425170792459
sd_log,Stock fund's volatility,-0.0005561449239031048,0.0015633060926916902,0.005833371242149159,0.0008262931599318542
phi,What the floor fund pays (reinvestment),0.004455156227062547,0.0014395592305503602,0.004614256239023734,0.00014024134016386202
mu_c,Stock fund's expected return,0.0030094637217293434,0.001316076231599254,0.004391176388599882,0.00014899726298599268
inv_nu,Fat tails,-0.0002777583782807635,0.0009915442516550401,0.0019866255080705883,0.00035229927692663487
