input,label,kind,low,high,top_p50_at_low,top_p5_at_low,gift_p50_at_low,bottom_at_low,top_p50_at_high,top_p5_at_high,gift_p50_at_high,bottom_at_high,swing_top_p50,swing_top_p5,swing_gift_p50
d,Yield move before the Jan 2027 purchase,assumption,-93.00000000000001,92.0,143303.68798950943,138159.24975103588,142849.24597365386,128851.84853007388,194169.89438975987,178446.68529061213,192780.9600673886,150000.0,50866.206400250434,40287.435539576254,49931.71409373474
s,Decision: share promised 1/3 vs 2/3 (not an assumption),decision,0.3333333333333333,0.6666666666666666,166627.1637110749,160708.37274797945,166104.31803346894,150000.0,183254.3274221498,171416.74549595886,182208.63606693788,150000.0,16627.163711074885,10708.372747979418,16104.318033468939
e,5-year yield move during 2027 (floor price),assumption,-1.9500000000000002,2.27,167894.4194893859,161524.52200091223,167331.72460973775,150000.0,182214.17048821584,170746.85444547614,181201.18715022138,150000.0,14319.750998829928,9222.332444563915,13869.462540483626
fee,Yearly costs paid from the stock fund,assumption,0.0,0.01,174940.74556661234,166062.55912196916,174156.47705020342,150000.0,166583.55003982506,159813.7932866098,162906.2360059718,150000.0,8357.195526787284,6248.765835359343,11250.241044231632
mu_c,Stock fund's expected return,assumption,0.0408,0.08,172954.08309786994,164783.0912217677,171884.5586639492,150000.0,175646.57442980236,166517.1332570808,174942.26552308566,150000.0,2692.491331932426,1734.0420353130903,3057.706859136466
model,Return model: L / T / BOOT / BAYES (M3; not an assumption),model,,,174937.71,165203.71,174022.85,,175487.06,166121.29,174571.36,,549.3500000000058,917.5800000000163,548.5099999999802
sd_log,Stock fund's volatility,assumption,0.12,0.2,174943.19672776078,167711.60271395455,174485.77883314612,150000.0,174937.46644787566,164093.81539772995,173672.82819229446,150000.0,5.730279885116033,3617.787316224596,812.9506408516609
inv_nu,Fat tails,assumption,0.0,0.3333333333333333,174940.74556661234,166062.55912196916,174156.47705020342,150000.0,174943.96311997547,166920.19395133885,174438.7122519467,150000.0,3.217553363123443,857.6348293696938,282.23520174328587
phi,What the floor fund pays (reinvestment),assumption,0.9755,1.0,174940.74556661234,166062.55912196916,170481.47705020342,150000.0,174940.74556661234,166062.55912196916,174156.47705020342,150000.0,0.0,0.0,3675.0
