book,seq,id,ticker,type,wins_name_expected,wins_name_status,cusip,ends,serves,qty,qty_unit,ref_price,ref_asof,ref_source,price_status,accrued_rec,accrued_trade,max_price,min_price,band_pct,commission,preview_expected,stop_if_preview_below,stop_if_preview_above,cost_locked,cash_after_locked,cost_max,cash_after_worst,adv30,median20,min20,x_of_2adv30,pct_median20,pct_min20,yield_gap_bp,yield_check,yield_band_25bp_low,yield_band_25bp_high,trap,alternate,why_here
Portfolio,1,IBTR,IBTR,ETF,iShares iBonds Dec 2036 Term Treasury ETF,UNVERIFIED (issuer name),,about 15 Dec 2036,Jan 2037 payment,846,shares,23.49,2026-09-28,iShares closing price 28 Sep (Nasdaq 23.485),OUTSIDE SOURCE; WInS price not recorded,,,23.69,23.29,0.8142,25,19897.54,19698.5646,20096.5154,19897.54,280102.46,20066.74,279933.26,52804.2333,33507.0,7639,0.008,0.0252,0.1107,,n/a (ETF),,,Thinnest fund (about 1.6m shares outstanding). Check the name says Dec 2036.,"IBTQ (ends a year early, the money waits); the 4.5% Feb-2036 bond only if its WInS price passes the yield check (stale on 29 Sep)","iBonds first (live prices, so cash is known at once); a small first order to learn the screen"
Portfolio,2,IBTQ,IBTQ,ETF,iShares iBonds Dec 2035 Term Treasury ETF,UNVERIFIED (issuer name),,about 15 Dec 2035,Jan 2036 payment,886,shares,23.7,2026-09-28,iShares closing price 28 Sep (Nasdaq 23.6951),OUTSIDE SOURCE; WInS price not recorded,,,23.9,23.5,0.8076,25,21023.2,20812.968,21233.432,21023.2,259079.26,21200.4,258732.86,86882.4667,91544.0,18278,0.0051,0.0097,0.0485,,n/a (ETF),,,Check the name says Dec 2035.,IBTP (ends a year early),
Portfolio,3,IBTP,IBTP,ETF,iShares iBonds Dec 2034 Term Treasury ETF,UNVERIFIED (issuer name),,about 15 Dec 2034,Jan 2035 payment,921,shares,24.1,2026-09-28,iShares closing price 28 Sep (Nasdaq 24.1006),OUTSIDE SOURCE; WInS price not recorded,,,24.28,23.92,0.7302,25,22221.1,21998.889,22443.311,22221.1,236858.16,22386.88,236345.98,94220.5333,84808.5,26563,0.0049,0.0109,0.0347,,n/a (ETF),,,Check the name says Dec 2034.,IBTO (ends a year early),
Portfolio,4,IBTO,IBTO,ETF,iShares iBonds Dec 2033 Term Treasury ETF,UNVERIFIED (issuer name),,about 15 Dec 2033,Jan 2034 payment,1016,shares,23.02,2026-09-28,iShares closing price 28 Sep (= Nasdaq consolidated close 23.015 rounded),OUTSIDE SOURCE; WInS price not recorded,,,23.19,22.85,0.7008,25,23413.32,23179.1868,23647.4532,23413.32,213444.84,23586.04,212759.94,211074.0333,158094.0,49271,0.0024,0.0064,0.0206,,n/a (ETF),,,"NOT IBTN: in WInS, IBTN is INSCORP Inc (SEEN 29 Sep). Type IBTO and read the name.",IBTM (ends a year early),
Portfolio,5,IBTM,IBTM,ETF,iShares iBonds Dec 2032 Term Treasury ETF,SEEN 2026-09-29,,about 15 Dec 2032,Jan 2033 payment (the first of the ten),1136,shares,21.76,2026-09-28,WInS close (tab WInS Notes),SEEN 2026-09-29,,,21.9,21.62,0.6028,25,24744.36,24496.9164,24991.8036,24744.36,188700.48,24903.4,187856.54,186480.1,159771.5,85726,0.003,0.0071,0.0133,,n/a (ETF),,,Check the name says Dec 2032. Portfolio book: IBTM is ordered twice on purpose (5: this payment; 6: the floor).,"none dated: no WInS Treasury matures between Feb 2031 and Feb 2036 (SEEN 29 Sep); if it cannot be bought, keep the cash and retry next session",
Portfolio,6,IBTM_F,IBTM,ETF,iShares iBonds Dec 2032 Term Treasury ETF,SEEN 2026-09-29,,about 15 Dec 2032,facility floor for her Jan 2033 contribution (2028 deposit; second IBTM order),3350,shares,21.76,2026-09-28,WInS close (tab WInS Notes),SEEN 2026-09-29,,,21.9,21.62,0.6028,25,72921.0,72191.79,73650.21,72921.0,115779.48,73390.0,114466.54,186480.1,159771.5,85726,0.009,0.021,0.0391,,n/a (ETF),,,"The second IBTM order, on purpose: type IBTM again. Not a repeat of order 5: Order History must show order 5 first; use this quantity.",one IBTM order for both jobs only if the 1 Oct vote rejects the split (--one-ibtm-order),"the floor as its own order, after the 2033 payment and before any stocks (in Laura's plan it is bought with the 2028 deposit)"
Portfolio,7,T 3.125% 15-Nov-2041,(bond: pick by coupon + maturity),Treasury,U.S. Treasury bond 3.125% maturing 15 Nov 2041,UNVERIFIED (WInS string not recorded),912810QT8,15 Nov 2041,Jan 2042 payment,19000,face value $ (unit UNVERIFIED in WInS),76.367,2026-09-28,Sheet tab Book L (typed-in WInS 28 Sep clean + accrued),SEEN via Sheet 2026-09-30,1.156,1.1889,77.239,75.507,1.1419,10,14745.6132,14582.2051,14916.1454,14739.37,101040.11,14916.1454,99550.3946,,,,,,,-1.8881,PASS,74.081,78.401,Same date as the 2.000% Nov-2041: check the coupon.,"2.000% 15 Nov 2041 (912810TC2), if listed and within 25bp",bonds after the iBonds: WInS fills them at end-of-day prices
Portfolio,8,T 4.250% 15-Nov-2040,(bond: pick by coupon + maturity),Treasury,U.S. Treasury bond 4.250% maturing 15 Nov 2040,UNVERIFIED (WInS string not recorded),912810QL5,15 Nov 2040,Jan 2041 payment,17000,face value $ (unit UNVERIFIED in WInS),89.186,2026-09-28,Sheet tab Book L (typed-in WInS 28 Sep clean + accrued),SEEN via Sheet 2026-09-30,1.572,1.6168,90.107,88.277,1.0325,10,15446.4841,15291.9278,15608.9219,15438.86,85601.25,15608.9219,83941.4727,,,,,,,-5.145,PASS,86.48,91.026,Same date as the 1.375% Nov-2040: check the coupon.,"1.375% 15 Nov 2040 (912810ST6), if listed and within 25bp",
Portfolio,9,T 4.375% 15-Nov-2039,(bond: pick by coupon + maturity),Treasury,U.S. Treasury bond 4.375% maturing 15 Nov 2039,UNVERIFIED (WInS string not recorded),912810QD3,15 Nov 2039,Jan 2040 payment,18000,face value $ (unit UNVERIFIED in WInS),91.363,2026-09-28,Sheet tab Book L (typed-in WInS 28 Sep clean + accrued),SEEN via Sheet 2026-09-30,1.606,1.6644,92.255,90.482,0.9764,10,16754.9324,16587.3831,16922.4817,16744.42,68856.83,16921.928,67019.5447,,,,,,,-6.6085,PASS,88.613,93.012,Not the 4.375% Feb-2038 (stale price on 29 Sep): check the maturity.,"4.500% 15 Aug 2039 (912810QC5), if listed and within 25bp",
Portfolio,10,T 4.500% 15-May-2038,(bond: pick by coupon + maturity),Treasury,U.S. Treasury bond 4.500% maturing 15 May 2038,UNVERIFIED (WInS string not recorded),912810PX0,15 May 2038,Jan 2039 payment,19000,face value $ (unit UNVERIFIED in WInS),94.281,2026-09-28,Sheet tab Book L (typed-in WInS 28 Sep clean + accrued),SEEN via Sheet 2026-09-30,0.53,1.712,95.121,93.45,0.8915,10,18248.6617,18066.1751,18431.1484,18024.09,50832.74,18415.3221,48604.2226,,,,,,,-14.391,PASS,91.057,95.173,"Not the 4.500% Feb-2036 or Aug-2039: check the maturity. Sheet accrued 0.530 is a typo (1.66 on 28 Sep, 1.71 on 2 Oct); use what WInS shows.",4.375% 15 Feb 2038 (912810PW2) only if its WInS price passes the yield check (stale on 29 Sep); else 5.000% 15 May 2037 (912810PU6),
Portfolio,11,T 4.750% 15-Feb-2037,(bond: pick by coupon + maturity),Treasury,U.S. Treasury bond 4.750% maturing 15 Feb 2037,UNVERIFIED (WInS string not recorded),912810PT9,15 Feb 2037,Jan 2038 payment,20000,face value $ (unit UNVERIFIED in WInS),97.152,2026-09-28,Sheet tab Book L (typed-in WInS 28 Sep clean + accrued),SEEN via Sheet 2026-09-30,0.56,0.6196,97.94,96.372,0.8113,10,19564.313,19368.6699,19759.9562,19552.4,31280.34,19729.6888,28874.5338,,,,,,,-15.2691,PASS,94.055,97.919,Check the maturity says 2037.,"5.000% 15 May 2037 (912810PU6), if listed and within 25bp",
Portfolio,12,VT,VT,ETF,Vanguard Total World Stock ETF,SEEN 2026-09-29,,-,Branch: the world stock fund (growth money),164,shares,158.81,2026-09-28,WInS close (tab WInS Notes),SEEN 2026-09-29,,,161.18,156.44,1.4892,25,26069.84,25681.16,26458.52,26069.84,5210.5,26458.52,2416.0138,2223656.8,2044270.5,1456477,0.0,0.0001,0.0001,,n/a (ETF),,,Not VTI (U.S. only). Order 12: place it only in the session after all five bonds show Filled (Mon 5 Oct ET); re-run with --cash-before-vt first.,VTI + VXUS in VT's own U.S./non-U.S. mix (two trades),"last, in the next session: sized from the cash left after the bonds fill (payments and floor first)"
BookL,1,IBTR,IBTR,ETF,iShares iBonds Dec 2036 Term Treasury ETF,UNVERIFIED (issuer name),,about 15 Dec 2036,Jan 2037 payment,1252,shares,23.49,2026-09-28,iShares closing price 28 Sep (Nasdaq 23.485),OUTSIDE SOURCE; WInS price not recorded,,,23.69,23.29,0.8142,25,29434.48,29140.1352,29728.8248,29434.48,270565.52,29684.88,270315.12,52804.2333,33507.0,7639,0.0119,0.0374,0.1639,,n/a (ETF),,,Thinnest fund (about 1.6m shares outstanding). Check the name says Dec 2036.,"IBTQ (ends a year early, the money waits); the 4.5% Feb-2036 bond only if its WInS price passes the yield check (stale on 29 Sep)","iBonds first (live prices, so cash is known at once); a small first order to learn the screen"
BookL,2,IBTQ,IBTQ,ETF,iShares iBonds Dec 2035 Term Treasury ETF,UNVERIFIED (issuer name),,about 15 Dec 2035,Jan 2036 payment,1311,shares,23.7,2026-09-28,iShares closing price 28 Sep (Nasdaq 23.6951),OUTSIDE SOURCE; WInS price not recorded,,,23.9,23.5,0.8076,25,31095.7,30784.743,31406.657,31095.7,239469.82,31357.9,238957.22,86882.4667,91544.0,18278,0.0075,0.0143,0.0717,,n/a (ETF),,,Check the name says Dec 2035.,IBTP (ends a year early),
BookL,3,IBTP,IBTP,ETF,iShares iBonds Dec 2034 Term Treasury ETF,UNVERIFIED (issuer name),,about 15 Dec 2034,Jan 2035 payment,1362,shares,24.1,2026-09-28,iShares closing price 28 Sep (Nasdaq 24.1006),OUTSIDE SOURCE; WInS price not recorded,,,24.28,23.92,0.7302,25,32849.2,32520.708,33177.692,32849.2,206620.62,33094.36,205862.86,94220.5333,84808.5,26563,0.0072,0.0161,0.0513,,n/a (ETF),,,Check the name says Dec 2034.,IBTO (ends a year early),
BookL,4,IBTO,IBTO,ETF,iShares iBonds Dec 2033 Term Treasury ETF,UNVERIFIED (issuer name),,about 15 Dec 2033,Jan 2034 payment,1503,shares,23.02,2026-09-28,iShares closing price 28 Sep (= Nasdaq consolidated close 23.015 rounded),OUTSIDE SOURCE; WInS price not recorded,,,23.19,22.85,0.7008,25,34624.06,34277.8194,34970.3006,34624.06,171996.56,34879.57,170983.29,211074.0333,158094.0,49271,0.0036,0.0095,0.0305,,n/a (ETF),,,"NOT IBTN: in WInS, IBTN is INSCORP Inc (SEEN 29 Sep). Type IBTO and read the name.",IBTM (ends a year early),
BookL,5,IBTM,IBTM,ETF,iShares iBonds Dec 2032 Term Treasury ETF,SEEN 2026-09-29,,about 15 Dec 2032,Jan 2033 payment,1678,shares,21.76,2026-09-28,WInS close (tab WInS Notes),SEEN 2026-09-29,,,21.9,21.62,0.6028,25,36538.28,36172.8972,36903.6628,36538.28,135458.28,36773.2,134210.09,186480.1,159771.5,85726,0.0045,0.0105,0.0196,,n/a (ETF),,,Check the name says Dec 2032. Portfolio book: IBTM is ordered twice on purpose (5: this payment; 6: the floor).,"none dated: no WInS Treasury matures between Feb 2031 and Feb 2036 (SEEN 29 Sep); if it cannot be bought, keep the cash and retry next session",
BookL,6,T 3.125% 15-Nov-2041,(bond: pick by coupon + maturity),Treasury,U.S. Treasury bond 3.125% maturing 15 Nov 2041,UNVERIFIED (WInS string not recorded),912810QT8,15 Nov 2041,Jan 2042 payment,29000,face value $ (unit UNVERIFIED in WInS),76.367,2026-09-28,Sheet tab Book L (typed-in WInS 28 Sep clean + accrued),SEEN via Sheet 2026-09-30,1.156,1.1889,77.239,75.507,1.1419,10,22501.199,22251.7867,22761.4851,22491.67,112966.61,22761.4851,111448.6049,,,,,,,-1.8881,PASS,74.081,78.401,Same date as the 2.000% Nov-2041: check the coupon.,"2.000% 15 Nov 2041 (912810TC2), if listed and within 25bp",bonds after the iBonds: WInS fills them at end-of-day prices
BookL,7,T 4.250% 15-Nov-2040,(bond: pick by coupon + maturity),Treasury,U.S. Treasury bond 4.250% maturing 15 Nov 2040,UNVERIFIED (WInS string not recorded),912810QL5,15 Nov 2040,Jan 2041 payment,26000,face value $ (unit UNVERIFIED in WInS),89.186,2026-09-28,Sheet tab Book L (typed-in WInS 28 Sep clean + accrued),SEEN via Sheet 2026-09-30,1.572,1.6168,90.107,88.277,1.0325,10,23618.7404,23382.3602,23867.1747,23607.08,89359.53,23867.1747,87581.4302,,,,,,,-5.145,PASS,86.48,91.026,Same date as the 1.375% Nov-2040: check the coupon.,"1.375% 15 Nov 2040 (912810ST6), if listed and within 25bp",
BookL,8,T 4.375% 15-Nov-2039,(bond: pick by coupon + maturity),Treasury,U.S. Treasury bond 4.375% maturing 15 Nov 2039,UNVERIFIED (WInS string not recorded),912810QD3,15 Nov 2039,Jan 2040 payment,27000,face value $ (unit UNVERIFIED in WInS),91.363,2026-09-28,Sheet tab Book L (typed-in WInS 28 Sep clean + accrued),SEEN via Sheet 2026-09-30,1.606,1.6644,92.255,90.482,0.9764,10,25127.3986,24876.1246,25378.6726,25111.63,64247.9,25377.892,62203.5382,,,,,,,-6.6085,PASS,88.613,93.012,Not the 4.375% Feb-2038 (stale price on 29 Sep): check the maturity.,"4.500% 15 Aug 2039 (912810QC5), if listed and within 25bp",
BookL,9,T 4.500% 15-May-2038,(bond: pick by coupon + maturity),Treasury,U.S. Treasury bond 4.500% maturing 15 May 2038,UNVERIFIED (WInS string not recorded),912810PX0,15 May 2038,Jan 2039 payment,29000,face value $ (unit UNVERIFIED in WInS),94.281,2026-09-28,Sheet tab Book L (typed-in WInS 28 Sep clean + accrued),SEEN via Sheet 2026-09-30,0.53,1.712,95.121,93.45,0.8915,10,27847.9574,27569.4778,28126.437,27505.19,36742.71,28102.3337,34101.2045,,,,,,,-14.391,PASS,91.057,95.173,"Not the 4.500% Feb-2036 or Aug-2039: check the maturity. Sheet accrued 0.530 is a typo (1.66 on 28 Sep, 1.71 on 2 Oct); use what WInS shows.",4.375% 15 Feb 2038 (912810PW2) only if its WInS price passes the yield check (stale on 29 Sep); else 5.000% 15 May 2037 (912810PU6),
BookL,10,T 4.750% 15-Feb-2037,(bond: pick by coupon + maturity),Treasury,U.S. Treasury bond 4.750% maturing 15 Feb 2037,UNVERIFIED (WInS string not recorded),912810PT9,15 Feb 2037,Jan 2038 payment,30000,face value $ (unit UNVERIFIED in WInS),97.152,2026-09-28,Sheet tab Book L (typed-in WInS 28 Sep clean + accrued),SEEN via Sheet 2026-09-30,0.56,0.6196,97.94,96.372,0.8113,10,29341.4696,29048.0549,29634.8843,29323.6,7419.11,29589.5332,4511.6713,,,,,,,-15.2691,PASS,94.055,97.919,Check the maturity says 2037.,"5.000% 15 May 2037 (912810PU6), if listed and within 25bp",
