year,min,median,max,n,basis
1871,288324.13,288849.67,289376.27,12,flat_shiller_gs10
1872,282520.57,285358.68,288228.70,12,flat_shiller_gs10
1873,282008.01,283420.13,284840.17,12,flat_shiller_gs10
1874,285099.22,290336.97,295682.52,12,flat_shiller_gs10
1875,296666.39,303253.91,310005.29,12,flat_shiller_gs10
1876,311251.05,313261.30,315286.07,12,flat_shiller_gs10
1877,315655.80,317259.24,318871.77,12,flat_shiller_gs10
1878,319165.96,320937.54,322720.12,12,flat_shiller_gs10
1879,323045.43,326044.83,329075.35,12,flat_shiller_gs10
1880,329629.78,334554.68,339561.84,12,flat_shiller_gs10
1881,340481.33,341750.23,343024.41,12,flat_shiller_gs10
1882,342937.36,343096.96,343256.65,12,flat_shiller_gs10
1883,342908.35,343067.94,343227.61,12,flat_shiller_gs10
1884,343256.65,344858.18,346468.04,12,flat_shiller_gs10
1885,346761.66,349194.78,351646.97,12,flat_shiller_gs10
1886,347202.61,349639.22,352094.91,12,flat_shiller_gs10
1887,341952.56,344347.74,346761.66,12,flat_shiller_gs10
1888,341519.11,345033.53,348588.34,12,flat_shiller_gs10
1889,349239.12,349728.10,350217.85,12,flat_shiller_gs10
1890,343838.04,347055.70,350306.98,12,flat_shiller_gs10
1891,343256.65,343576.28,343896.24,12,flat_shiller_gs10
1892,339189.10,341562.50,343954.45,12,flat_shiller_gs10
1893,338759.58,339547.51,340337.48,12,flat_shiller_gs10
1894,340481.33,344304.15,348174.92,12,flat_shiller_gs10
1895,344362.24,346614.88,348883.98,12,flat_shiller_gs10
1896,343954.45,347173.33,350425.86,12,flat_shiller_gs10
1897,351020.92,351841.01,352663.23,12,flat_shiller_gs10
1898,352812.96,356958.88,361159.21,12,flat_shiller_gs10
1899,360238.00,361082.35,361928.90,12,flat_shiller_gs10
1900,360084.73,360928.67,361774.82,12,flat_shiller_gs10
1901,359227.73,360575.50,361928.90,12,flat_shiller_gs10
1902,354977.00,356973.88,358983.29,12,flat_shiller_gs10
1903,351318.88,352962.80,354615.29,12,flat_shiller_gs10
1904,348411.09,349713.29,351020.92,12,flat_shiller_gs10
1905,348174.92,348987.53,349802.25,12,flat_shiller_gs10
1906,342212.94,346057.65,349950.62,12,flat_shiller_gs10
1907,335232.26,338359.39,341519.11,12,flat_shiller_gs10
1908,334667.21,336379.80,338102.18,12,flat_shiller_gs10
1909,333737.23,336067.73,338416.41,12,flat_shiller_gs10
1910,331159.88,332235.73,333315.48,12,flat_shiller_gs10
1911,330046.29,330505.14,330964.70,12,flat_shiller_gs10
1912,316821.00,323317.43,329962.94,12,flat_shiller_gs10
1913,315655.80,319903.02,324214.16,12,flat_shiller_gs10
1914,322611.77,323805.94,325005.06,12,flat_shiller_gs10
1915,322395.18,325237.40,328107.63,12,flat_shiller_gs10
1916,323208.22,325907.79,328632.56,12,flat_shiller_gs10
1917,312763.86,317698.44,322720.12,12,flat_shiller_gs10
1918,311876.04,312881.60,313890.78,12,flat_shiller_gs10
1919,300814.10,307364.50,314074.67,12,flat_shiller_gs10
1920,296370.84,298000.52,299640.21,12,flat_shiller_gs10
1921,296075.63,306981.29,318337.67,12,flat_shiller_gs10
1922,318684.72,319567.62,320453.26,12,flat_shiller_gs10
1923,318524.49,322964.36,327473.44,12,flat_shiller_gs10
1924,328300.91,331355.33,334441.50,12,flat_shiller_gs10
1925,335006.11,337816.91,340654.05,12,flat_shiller_gs10
1926,341172.79,346615.22,352154.69,12,flat_shiller_gs10
1927,353172.60,353337.58,353502.64,12,flat_shiller_gs10
1928,344741.39,349106.15,353532.66,12,flat_shiller_gs10
1929,343954.45,348958.27,354043.44,12,flat_shiller_gs10
1930,353322.57,354148.71,354977.00,12,flat_shiller_gs10
1931,342155.06,347615.14,353172.60,12,flat_shiller_gs10
1932,341172.79,347100.14,353142.62,12,flat_shiller_gs10
1933,354254.00,357414.35,360606.17,12,flat_shiller_gs10
1934,361189.96,366821.00,372550.10,12,flat_shiller_gs10
1935,373602.60,376071.53,378558.66,12,flat_shiller_gs10
1936,377943.22,378477.62,379012.86,12,flat_shiller_gs10
1937,377846.15,379988.28,382143.94,12,flat_shiller_gs10
1938,382537.37,386165.21,389831.42,12,flat_shiller_gs10
1939,390502.23,393283.14,396086.13,12,flat_shiller_gs10
1940,396598.19,401517.60,406505.08,12,flat_shiller_gs10
1941,388193.41,397677.01,407419.39,12,flat_shiller_gs10
1942,386131.89,386314.27,386496.75,12,flat_shiller_gs10
1943,385734.31,385916.48,386098.75,12,flat_shiller_gs10
1944,385701.20,387710.22,389730.91,12,flat_shiller_gs10
1945,390099.59,393435.50,396803.22,12,flat_shiller_gs10
1946,395166.29,396290.88,397419.03,12,flat_shiller_gs10
1947,387926.71,391426.85,394962.21,12,flat_shiller_gs10
1948,387294.14,389680.74,392083.73,12,flat_shiller_gs10
1949,392151.19,392336.77,392522.44,12,flat_shiller_gs10
1950,382964.09,387510.67,392117.46,12,flat_shiller_gs10
1951,378202.22,380167.39,382143.94,12,flat_shiller_gs10
1952,372550.10,375187.71,377846.15,12,flat_shiller_gs10
1953,361559.22,372072.79,381358.46,12,flat_shiller_gs10
1954,384511.33,389697.42,393333.81,12,flat_shiller_gs10
1955,366773.66,372078.29,380574.79,12,flat_shiller_gs10
1956,344303.95,360271.26,371691.44,12,flat_shiller_gs10
1957,331299.38,341872.95,357885.65,12,flat_shiller_gs10
1958,335006.11,360275.06,370170.43,12,flat_shiller_gs10
1959,308147.17,318205.93,331634.44,12,flat_shiller_gs10
1960,307222.82,328987.44,337047.62,12,flat_shiller_gs10
1961,328300.91,333653.60,340136.20,12,flat_shiller_gs10
1962,326077.03,332383.97,336941.52,249,fred_cmt
1963,324683.95,330100.91,336473.95,249,fred_cmt
1964,321839.80,324196.59,326346.21,250,fred_cmt
1965,309683.96,323110.58,324728.12,249,fred_cmt
1966,286653.79,302149.09,312459.92,250,fred_cmt
1967,274355.71,294817.56,315136.95,249,fred_cmt
1968,264664.23,282458.42,289974.69,250,fred_cmt
1969,228607.16,257325.60,271792.05,248,fred_cmt
1970,220618.46,237942.48,264459.48,250,fred_cmt
1971,248662.68,266463.02,284610.84,249,fred_cmt
1972,257155.03,266550.20,272422.93,250,fred_cmt
1973,231619.97,248526.60,261844.73,248,fred_cmt
1974,217166.05,229260.56,244637.40,249,fred_cmt
1975,209547.57,219792.02,236595.64,249,fred_cmt
1976,220564.43,226521.71,246906.72,250,fred_cmt
1977,224745.12,232910.51,245794.45,249,fred_cmt
1978,200939.80,213940.93,224922.85,248,fred_cmt
1979,171035.04,200815.78,207272.26,248,fred_cmt
1980,136086.80,162738.42,191755.35,250,fred_cmt
1981,110213.99,132295.83,153374.55,249,fred_cmt
1982,117472.62,132523.67,176308.80,249,fred_cmt
1983,148570.34,164530.48,179199.33,250,fred_cmt
1984,126633.20,145368.06,161799.98,249,fred_cmt
1985,149908.90,172548.77,198409.36,248,fred_cmt
1986,189705.24,233055.63,244364.09,250,fred_cmt
1987,178640.77,209343.83,243263.87,250,fred_cmt
1988,193600.00,202764.08,218257.05,250,fred_cmt
1989,193572.99,217512.83,227997.12,250,fred_cmt
1990,199968.65,210686.37,223537.55,250,treasury_par
1991,212778.42,220872.83,248149.61,250,treasury_par
1992,225789.73,242646.85,258680.46,251,treasury_par
1993,246594.60,269666.29,288987.44,250,treasury_par
1994,219097.93,236760.59,276035.67,249,treasury_par
1995,223880.45,256294.86,278923.58,250,treasury_par
1996,241737.13,253533.60,279735.32,252,treasury_par
1997,243304.56,257793.02,276360.58,250,treasury_par
1998,272995.88,283065.83,319189.26,250,treasury_par
1999,255679.09,270971.10,303767.98,251,treasury_par
2000,248927.97,268685.40,294430.75,251,treasury_par
2001,278507.21,291472.70,316731.03,248,treasury_par
2002,280212.78,298566.66,334972.52,250,treasury_par
2003,303242.26,322002.76,353795.48,250,treasury_par
2004,296339.69,317575.38,334008.89,250,treasury_par
2005,306846.63,318620.99,331340.10,250,treasury_par
2006,290316.96,304163.85,317662.86,250,treasury_par
2007,289850.10,307498.84,333359.74,251,treasury_par
2008,317268.41,333230.74,397754.21,251,treasury_par
2009,324260.99,345861.22,390318.82,250,treasury_par
2010,324520.20,351940.61,383429.01,251,treasury_par
2011,332863.90,360767.57,413312.34,250,treasury_par
2012,385720.48,412581.96,427479.64,250,treasury_par
2013,359911.50,380314.18,416670.55,250,treasury_par
2014,361107.40,379023.04,400240.06,250,treasury_par
2015,381628.29,395888.91,416670.78,251,treasury_par
2016,378638.60,412477.04,430992.89,250,treasury_par
2017,377574.84,389351.56,400901.94,250,treasury_par
2018,355982.64,368771.24,385856.20,249,treasury_par
2019,372674.83,400780.41,426021.36,250,treasury_par
2020,408089.50,458828.06,470249.27,251,treasury_par
2021,412780.12,423973.29,450444.68,251,treasury_par
2022,319565.97,363841.42,417553.58,249,treasury_par
2023,297129.47,333077.91,351940.65,250,treasury_par
2024,306410.18,320555.26,340476.72,250,treasury_par
2025,303094.17,317839.98,327686.11,249,treasury_par
2026,289119.20,312537.36,327332.49,186,treasury_par
