build,model,s,max_gap_pv_2033
primary,T,0.0,17875.965986927447
primary,T,0.33,6211.51224445317
primary,T,0.4,3730.7375192221807
primary,T,0.5,166.4056687381235
primary,BOOT,0.0,15368.521772201493
primary,BOOT,0.33,4626.246400888738
primary,BOOT,0.4,2351.702587501617
primary,BOOT,0.5,-916.4541923603138
primary,BAYES,0.0,15651.834153775117
primary,BAYES,0.33,4681.908990575968
primary,BAYES,0.4,2366.703237731521
primary,BAYES,0.5,-955.4509819144187
blind,T,0.0,18033.278009229245
blind,T,0.33,6285.9337547539
blind,T,0.4,3802.17205408219
blind,T,0.5,235.2646755529786
blind,BOOT,0.0,15477.419422595704
blind,BOOT,0.33,4699.193434504799
blind,BOOT,0.4,2413.4710699338375
blind,BOOT,0.5,-873.8725528374671
blind,BAYES,0.0,15694.309220838615
blind,BAYES,0.33,4703.685965016826
blind,BAYES,0.4,2383.3132573478797
blind,BAYES,0.5,-943.3857667221309
