s,l,h,E_gift,P_D,E_width
0.49113092882370707,0.3714308570928146,0.008649899976368166,173746.68999842645,3e-05,17266.87924269561
0.4085197251382915,0.36930091971617957,0.008573177374867652,169597.8821444385,6.5e-05,14614.232724485235
0.44142101800775846,0.46875522858692165,0.02109900877724357,171250.32744522663,6.5e-05,15295.548945759545
0.36865322849763066,0.36930091971617957,0.008573177374867652,167595.35697243482,8.5e-05,13313.558986921129
0.4988709119388897,0.3739317810006678,0.005170655719566732,174135.3513564067,9e-05,16932.122770193382
0.2647810614742817,0.3504741219208872,0.009132019039265754,162375.71381947043,0.00012,10266.349876776841
0.37770510275890506,0.3643162422967002,0.005028697688243859,168050.06644798163,0.000125,13174.604140991472
0.4946348865361126,0.3714308570928146,0.003107133460454996,173922.64131069274,0.000125,16549.39739158431
0.2647810614742817,0.34920285256395506,0.008544853866687895,162375.71381947043,0.00013,10195.68765979174
0.475598846349377,0.44470673658365845,0.01306354525667958,172966.72335569898,0.000135,15621.123383598422
0.4597302398696477,0.4481475303888278,0.01303598964790321,172169.82857683572,0.00015,15079.336228331575
0.48420722988379417,0.3513159454360909,0.00017949202785140592,173399.0105840653,0.00015,16275.024176889805
0.39580873281422646,0.3739317810006678,0.0051577667371898285,168959.43147632305,0.000155,13592.398877910962
0.4498905489128761,0.4481475303888278,0.012821237335980399,171675.67810361722,0.00016,14766.229325196118
0.49439849713945533,0.3714532664606117,0.0004931656936909734,173910.7710735735,0.00018,16149.042775319182
0.2624068995673145,0.36613980834814713,0.007574750492002227,162256.36496665835,0.00025,9740.33989767242
0.4152609379703156,0.36930091971617957,0.00016024045625336047,169936.46962152698,0.000305,13572.229207218781
0.2708011501107611,0.48558401337417134,0.015493059028748495,162678.33229186744,0.000335,9530.104942425354
0.4035255557338704,0.445875827383378,0.008573177374867652,169347.0373410751,0.00034,12852.856899499908
0.4012955787560397,0.4477150169396688,0.0073719664753878825,169235.0295700989,0.000445,12570.574579433656
0.3264713522338865,0.4063178224256461,0.0046411738757265964,165476.1199244099,0.000555,10722.39517275217
0.4012955787560397,0.451204291865983,0.0030801561464266383,169235.0295700989,0.000975,11854.369831198788
0.4876175012685644,0.4515508519140838,0.00018222809440823426,173570.26113067163,0.00101,13861.524716448264
0.24807579997936438,0.3504759953806431,0.001811520502952442,161535.88945322935,0.001245,8606.960365699497
0.28491104639272485,0.3818096736666844,2.6314963554034676e-05,163387.55431784055,0.0016,9115.021652937136
0.4066613346079577,0.4722983436929373,0.0013116451741406049,169504.540525771,0.001745,11297.67871194049
0.2984153806509614,0.46128276013222647,0.0022207947058654203,164066.26419261657,0.002725,8649.22830526598
0.40180859188384305,0.5561678531088077,0.005157150256787717,169260.79734678005,0.00391,9998.778586808932
0.438211698713754,0.5828696201963786,0.0073719664753878825,171089.14903734834,0.00421,10561.499420704766
0.28821540155666187,0.498385578885718,0.002413729358007745,163553.6326302747,0.004605,7840.745404958721
0.46692161110882413,0.542402404580235,4.759888261342314e-06,172530.9710729953,0.00476,11053.34851881999
0.2708011501107611,0.5053133310736754,0.001800584870248474,162678.33229186744,0.00647,7199.857599291467
0.20237602158966547,0.428069984343383,0.001800584870248474,159237.68487200467,0.006775,6257.512153090481
0.42275743822638717,0.6457930779439173,0.009887649415849187,170312.98406578615,0.00748,9229.306329582867
0.18177202633792708,0.45055484258111544,0.004261339108409672,158201.06284266344,0.007595,5805.618376195223
0.3091342711937234,0.611407690612356,0.0048411795724866685,164604.93675190266,0.01078,6940.294374277503
0.3464589290263559,0.5775225956644419,3.680180188103143e-05,166480.36809117137,0.011085,7577.219352115107
0.141863277104757,0.36613980834814713,0.0028043919227723024,156192.09797800897,0.01278,5072.250270209016
0.4835309477293749,0.7155167390281475,0.008186160250918511,173365.05010880707,0.018765,8343.648030592662
0.22673056591960888,0.8819431194050668,0.02008238075458456,160462.5996574012,0.028335,4397.00541265796
0.2317298594443058,0.6005655262971543,0.0001451435106145228,160713.99761758937,0.033735,4809.898333932841
0.36447688920195376,0.7774903518512252,0.009026769887275457,167385.55708079864,0.0357,5549.256765577996
0.49630431203941017,0.7349833842328438,2.7145694456789734e-05,174006.47101122641,0.040245,6807.99270989361
0.35431409661475016,0.7172615346188482,0.00029010461157033974,166875.00752525261,0.046375,5225.682981889715
0.16410547836750994,0.5920365682947013,0.00266388198956207,157311.94894683763,0.056045,3862.8209251671065
0.44515112734161555,0.9229672241846878,0.020203669472632343,171437.6593558594,0.064855,4804.41771352178
0.2487625305474946,0.7535214782798076,0.0052964015795801955,161570.41595092881,0.066065,3966.233600084015
0.3023081301449976,0.7611851775814138,0.0025927094672868424,164261.89702979263,0.07417,4123.550393114362
0.46648343834317996,0.9440306648510126,0.021121204954297295,172508.96675733215,0.07653,4518.773693262657
0.10824096923449203,0.47963575451356155,0.002566902917198428,154498.11434657432,0.0835,3298.684366837946
0.0941234422530362,0.3469059354007656,6.0837363056795565e-05,153786.34741953865,0.09309,3189.0122545334516
0.10116173981936413,0.6621012402038748,0.008717051410807185,154141.23863156076,0.096195,3075.7968073544357
0.05222922629230711,0.3873902884613779,0.008506496508248277,151671.98264890956,0.099535,2931.1176627397526
0.4523297297090024,0.8427997241454702,0.0031301607468892383,171798.17503967482,0.10489,4147.818950448833
0.3319152525705337,0.8281820574406948,0.004651669013620107,165749.6541223994,0.10945,3647.8305691422856
0.08676711949135171,0.47963575451356155,0.0030480659504098185,153415.32714389573,0.123245,2792.8220603822606
0.05899497829749997,0.6148797410655285,0.00859781797865498,152013.70529657783,0.14396,2464.974795173971
0.479830395487238,0.8764367409792172,0.0018276085121592222,173179.2202991176,0.16967,3341.151409602537
0.06682267049072627,0.3413794294973348,7.501696419935763e-05,152408.91477774194,0.178715,2287.9075235552405
0.026721532276062263,0.3916256928820911,0.00859781797865498,150382.628881353,0.18082,2130.6229845948383
0.031023784052429886,0.7206465772135273,0.010795712851174175,150600.21869365254,0.191315,2067.675640392659
0.3709645253918226,0.9029539222408617,0.005988182433367454,167711.46382321362,0.201035,2760.522330908473
0.033703482059144786,0.7937963297160889,0.010795712851174175,150735.72003451802,0.207755,1978.865511409649
0.022225359291758146,0.6457930779439173,0.009887649415849187,150155.17729717965,0.21882,1890.3813235965972
0.24487015110263333,0.8515715570854416,0.0029811973524386894,161374.71730542133,0.225685,2327.32346673366
0.24487015110263333,0.8241711928962164,2.7488962407576953e-05,161374.71730542133,0.242695,2231.347764937204
0.2984153806509614,0.879759988078689,0.0022206690005616447,164066.26419261657,0.25908,2189.230028604553
0.1416618446661087,0.7797562019404934,0.0011378447463649653,156181.95373352256,0.27834,1784.643826144223
0.078124164318384,0.6005655262971543,2.5866589990905075e-05,152979.28916177154,0.28229,1618.1234285584005
0.21169143204565938,0.8281820574406948,2.6314963554034676e-05,159706.2515838254,0.285605,1885.4718233850592
0.18776816374253946,0.8857232347543881,0.00445737226366392,158502.77244334717,0.292645,1778.5931111135071
0.02363721390851603,0.4500293367924503,0.004261805497024235,150226.60547403083,0.309615,1311.7423661645357
0.07236525994425663,0.9557595108878911,0.008277842276658395,152688.67339977805,0.313255,1407.286947816357
0.0850418452594833,0.9753984649777575,0.00844730971645151,153328.2982250551,0.324595,1375.3227999999601
0.006362127669400641,0.4290905153843614,0.006460964152656846,149352.2293789133,0.329095,1157.0363847815809
0.46727432411622466,0.9409146383316258,0.0023421616478209156,172548.68373058017,0.347675,1779.5271686945528
0.1560023359881888,0.8296544921854484,4.168587556841072e-05,156904.0371032539,0.35401,1380.927416413182
0.35759437448333364,0.9438192659068203,0.0036577325453141835,167039.80212860912,0.36194,1587.9006819797844
0.09279518069800002,0.7654238228821212,0.00013081081428433384,153719.36302613738,0.378105,1145.6450514408314
0.38027540228980694,0.941049897305331,0.0020170753031576692,168179.17919334696,0.38512,1462.195191722604
0.34017873600720144,0.9960351469220419,0.008473988824517206,166164.8421610547,0.39723,1340.8689084083987
0.28788802971331573,0.9408806049827333,0.002413729358007745,163537.17892737972,0.40747,1242.483032276783
0.13561409160530263,0.8853857895787456,0.001380877094593245,155877.36454838206,0.420565,1011.1784737869847
0.19970186184315125,0.9214858285399818,0.0011496705457297706,159103.16196292,0.44395,983.539124844779
0.13168493729086703,0.9029539222408617,0.0014030834173019214,155679.45071788467,0.454135,871.5397289222542
0.11398120389232103,0.9903579096623587,0.004994151296820168,154787.43717659815,0.461275,805.9742742391088
0.4849128026414203,0.9691485668476502,0.001829702295730542,173434.44184783654,0.46621,1048.3415306591614
0.3055636512550367,0.9620820038292959,0.0018276085121592222,164425.50144215504,0.485315,873.4977086013756
0.2364673922807914,0.9499696542501719,0.0012630328431995276,160952.22126605286,0.49661,801.4428711278886
0.3171502451829467,0.9674954344115572,0.0018276085121592222,165007.7488278438,0.50382,807.4117264966623
0.38163735284030487,0.977756854436556,0.002280966982871506,168247.59289583488,0.515955,781.267031115628
0.166412038819518,0.9403862746409554,0.001187412288063325,157428.04924119395,0.519905,691.2911134224377
0.46935566864374934,0.9723296115350085,0.0005777881753719079,172653.2049892156,0.535,758.4920874267367
0.17638017056924135,0.9473439910143386,0.0009955297291195466,157929.73326131408,0.54643,629.765742288863
0.149225069588369,0.9499696542501719,0.0012630328431995276,156562.81157852983,0.564305,575.655927584101
0.39123960849523287,0.9691485668476502,0.00017295701127249564,168729.92548853174,0.56662,650.3340130241961
0.35476934856355613,0.9723296115350085,0.0005777881753719079,166897.8786436938,0.583785,594.4761201532107
0.041601790933965516,0.9677697472046092,0.0026996442241546833,151134.99644487895,0.585215,474.30739311329467
0.36312389619909696,0.9719966784381607,2.3390025260032172e-05,167317.58804534102,0.60915,529.528771461393
0.1037130027202105,0.9690910243975316,0.0014938854962862763,154269.86062517017,0.623005,389.91008292532683
0.2931021473735402,0.9698633450483527,4.434349340593988e-06,163799.23594726692,0.62793,457.5977553717453
0.35685144375997074,0.9773884297463828,7.29763305063651e-05,167002.47907256606,0.642525,428.3501375206566
0.4876175012685644,0.984952266012975,0.00022997794859448435,173570.26113067163,0.654915,414.06373023746545
0.38452534689628876,0.9926039838346882,0.0013712383447470184,168392.66223711625,0.66544,352.802096246044
0.0011557331591177666,0.9903140949858602,0.0005226962072870231,149088.50615741021,0.67276,78.98350751259527
2.7755575615628914e-17,0.9423756949538269,0.00045082462317680807,149029.95184116662,0.67494,67.62369347651838
0.008750540653813726,0.9402516593218482,0.0002940470841563685,149473.17750512768,0.677875,71.15280060943908
0.32342606921486466,0.9857664809981738,1.85115791289965e-05,165323.10215091414,0.68704,240.9129312472637
1.7210678762147325e-06,0.9999996117031029,1.3109587244221817e-11,149030.03904132443,0.692905,2.0009994409338107e-06
0.016705140583830658,0.9999996117031029,1.3109587244221817e-11,149875.84738045407,0.698005,0.00033751249884415304
0.11398120389232103,0.9999996117031029,7.312263512040037e-12,154787.43717659815,0.71887,0.0022905684366996866
0.1745445952055471,0.9957032854705339,2.6216915558076194e-06,157837.35808155272,0.72078,39.18872275895541
0.438831990707544,0.9975396645997637,0.00037123727444990953,171120.30144488346,0.72463,111.53655810093106
0.2722941185953046,0.999999940928388,0.0001239259399141354,162753.37900533967,0.73438,18.58972304816436
0.3205725773795251,0.9997552472511251,0.0001269205590462839,165179.71854719875,0.737405,23.096831486503575
0.5036690980946924,0.999999940928388,6.574590063901224e-11,174376.28745622427,0.7491,0.001548945558448031
