model,kappa,confidence,s_star
L,0.05,0.9,0.77
L,0.05,0.95,0.74
L,0.05,0.99,0.67
L,0.1,0.9,0.55
L,0.1,0.95,0.5
L,0.1,0.99,0.38
L,0.15,0.9,0.35
L,0.15,0.95,0.27
L,0.15,0.99,0.11
L,0.2,0.9,0.17
L,0.2,0.95,0.07
L,0.2,0.99,
T,0.05,0.9,0.77
T,0.05,0.95,0.74
T,0.05,0.99,0.67
T,0.1,0.9,0.56
T,0.1,0.95,0.5
T,0.1,0.99,0.36
T,0.15,0.9,0.36
T,0.15,0.95,0.28
T,0.15,0.99,0.09
T,0.2,0.9,0.17
T,0.2,0.95,0.07
T,0.2,0.99,
BOOT,0.05,0.9,0.76
BOOT,0.05,0.95,0.72
BOOT,0.05,0.99,0.59
BOOT,0.1,0.9,0.54
BOOT,0.1,0.95,0.47
BOOT,0.1,0.99,0.2
BOOT,0.15,0.9,0.33
BOOT,0.15,0.95,0.23
BOOT,0.15,0.99,
BOOT,0.2,0.9,0.14
BOOT,0.2,0.95,0.01
BOOT,0.2,0.99,
BAYES,0.05,0.9,0.76
BAYES,0.05,0.95,0.72
BAYES,0.05,0.99,0.64
BAYES,0.1,0.9,0.53
BAYES,0.1,0.95,0.47
BAYES,0.1,0.99,0.32
BAYES,0.15,0.9,0.32
BAYES,0.15,0.95,0.23
BAYES,0.15,0.99,0.03
BAYES,0.2,0.9,0.13
BAYES,0.2,0.95,0.02
BAYES,0.2,0.99,
