s,l,h,E_G,G_p5,G_p50,G_p95,E_K,K_p5,K_p50,P_K_ge_thr_G,P_G_lt_L,E_width,U_p50,L_p50,P_top_fund,P_top_gift_eq_U,P_G_below_middle,E_U_minus_G
2.7755575615628914e-17,0.3822693318682956,0.022342307118106437,149036.00709329318,146645.3317291232,149410.49517254048,150000.0,62021.05995535349,30587.559295692223,57508.376106642885,0.99961,0.05138,3351.3460677159605,150000.0,146648.65393228404,0.71837,0.310455,0.246395,963.9929067068224
2.7755575615628914e-17,0.3822693318682956,0.020266843656763428,149036.00709329318,146645.3317291232,149410.49517254048,150000.0,62021.05995535349,30587.559295692223,57508.376106642885,0.99961,0.09042,3040.026548514521,150000.0,146959.97345148548,0.71837,0.310455,0.268775,963.9929067068224
0.0007356712842534405,0.8703926089028583,7.105054306325107e-05,149073.41829006447,146680.31983186447,149447.7295363401,150049.12977371,61983.6487585822,30564.076371537405,57472.24397142837,0.99961,0.68734,15.635511473696965,150036.7845334916,150021.35940461355,0.71837,0.310165,0.688765,964.9894733515528
0.004751932642927087,0.39806529734575613,0.00041293778560966277,149277.6112994865,146876.3366213189,149647.97408742423,150319.25301822714,61779.45574916017,30441.54440913666,57275.63776409482,0.99961,0.637715,211.2733520188696,150237.60289302433,150032.64079842047,0.71837,0.308585,0.66663,970.4765471169878
0.00557644524075418,0.39990420786849357,0.0007202185684547298,149319.52105043136,146916.619588565,149688.80378285126,150375.1873350973,61737.545998215304,30415.858045415156,57233.124312304615,0.9996,0.61713,282.7409641783107,150278.82960924687,150003.47234874795,0.71837,0.308285,0.659,971.6127672038907
0.010308537537563636,0.9326098298870188,0.002390560132821138,149559.99508711862,147147.58962740484,149922.52816018945,150698.75473929525,61497.07196152806,30268.671540709947,56997.51101922689,0.99958,0.592735,394.8524554922466,150515.4404588248,150122.1208186983,0.71837,0.306455,0.644445,978.1907567257709
0.011339853629906457,0.7118800931486535,0.0019997934915203146,149612.39104052164,147197.9372524962,149974.08638443064,150769.79694011342,61444.67600812502,30237.1298236822,56945.518694680504,0.99958,0.570195,470.5442389882904,150567.00762224576,150103.67241521226,0.71837,0.306045,0.63375,979.6375253776633
0.01450765610359002,0.7383069774204267,0.0031154864628420128,149773.30493357268,147354.36207715218,150130.88443021892,150990.28828268594,61283.762115073965,30139.786973974147,56790.23649455265,0.999565,0.47088,665.5325347394468,150725.40191964747,150068.24632928363,0.71837,0.30488,0.60885,984.1075620275283
0.017302434945169802,0.38724625928781975,1.9658406165076842e-14,149915.23944379567,147491.6286213617,150268.73183084937,151186.61544259294,61141.827604851,30055.987639450315,56651.378455007216,0.99955,0.53109,553.5137447160573,150865.14454396916,150335.02398839238,0.71837,0.303925,0.62568,988.0822463661799
0.021372108461335318,0.36762147581532484,0.00045268554852072145,150121.86817684458,147689.04332758786,150465.48499596724,151476.16315094047,60935.198871802095,29931.322013262627,56450.28136516696,0.99954,0.446355,773.5046576631837,151068.63358174934,150324.9498221504,0.71837,0.3025,0.596395,993.9221265892734
0.028376131819593933,0.7204595374171971,0.0017022501271061322,150477.33463921712,148021.919776824,150787.78072153646,151978.9663952495,60579.73240942956,29716.175700552507,56105.789582291036,0.99949,0.486695,669.4640800310491,151418.84397776768,150766.88215682376,0.71837,0.30031,0.61516,1004.1201639224053
0.031551325863226704,0.3996946759338888,0.012531040722910407,150638.4258845831,148168.99302223866,150930.33133552282,152210.5025846836,60418.64116406357,29617.88929684377,55948.81877652599,0.999475,0.10063,2868.49382393049,151577.6078634056,148750.9053552781,0.71837,0.29925,0.292045,1008.7987457035953
0.031641556044909806,0.9999999983149197,1.3405023550732986e-13,150643.0031195983,148173.2366342024,150934.2534229182,152217.00096881657,60414.06392904839,29615.240128198595,55945.010377716666,0.999475,0.700765,2.803754544002004e-06,151582.11949137197,151582.11948868586,0.71837,0.299235,0.700765,1008.9322280227015
0.034960959187810975,0.8436555443703538,0.00022599848286921492,150811.3658285137,148326.02112065905,151081.67687066633,152460.1010931672,60245.70122013298,29514.26758912496,55778.67634411839,0.99946,0.62212,319.26499035076023,151748.09402197506,151440.88944128953,0.71837,0.298145,0.665365,1013.8681829587048
0.03866625082793207,0.9460641203180983,0.0005011858725271336,150999.2521783876,148496.31778702297,151245.08389504981,152733.55464163222,60057.814870259084,29401.380731616642,55592.2560496206,0.999445,0.659995,184.05711158631914,151933.363485864,151753.90794463002,0.71837,0.29704,0.682215,1019.4268781032465
0.04105663444227009,0.9525177231341219,0.007356178726356596,151120.43711649257,148602.45948432863,151351.19549401698,152910.5045505587,59936.6299321541,29328.11249827658,55475.602091465815,0.99944,0.335295,1205.2039143912953,152052.8858160153,150851.98331437173,0.71837,0.296325,0.521065,1023.0385581321486
0.04105663444227009,0.9645479234900036,0.007356178726356596,151120.43711649257,148602.45948432863,151351.19549401698,152910.5045505587,59936.6299321541,29328.11249827658,55475.602091465815,0.99944,0.340075,1179.4174725676012,152052.8858160153,150876.67994204618,0.71837,0.296325,0.52929,1023.0385581321486
0.04462715811334116,0.9999999983149197,0.0018883611301688166,151301.4109099391,148761.7028870837,151509.0831812728,153174.86222848805,59755.65613870757,29221.298570941584,55298.4380979609,0.999415,0.63292,283.2541734513597,152231.41670388912,151948.16253060367,0.71837,0.29516,0.674835,1028.4738734345187
0.04462715811334116,0.9999999986662722,0.002729235058691321,151301.4109099391,148761.7028870837,151509.0831812728,153174.86222848805,59755.65613870757,29221.298570941584,55298.4380979609,0.999415,0.60518,409.3852619111291,152231.41670388912,151822.03144210932,0.71837,0.29516,0.65648,1028.4738734345187
0.0504228647704634,0.3996946759338888,0.014231308704221476,151595.06987430126,149013.52794879692,151767.66044492257,153607.50417765987,59461.99717434543,29045.229460034727,55007.89548998438,0.99936,0.03251,3714.979512254256,152521.20967284084,148873.0177775143,0.71837,0.29345,0.232375,1037.3958781547333
0.050465059177077914,0.7157804979229107,0.00387587495925094,151597.2073588143,149015.06821630124,151769.64392373356,153610.89358365012,59459.85968983237,29043.940111424636,55005.704756832565,0.99936,0.320395,1330.205449671505,152523.31944876455,151224.7616075676,0.71837,0.29343,0.50076,1037.4612698737797
0.05462449708573337,0.9871546417459476,0.003349430635660547,151807.8885097215,149191.6439518789,151956.9258336714,153924.37564457164,59249.17853892519,28917.375166846145,54799.05977414496,0.99934,0.56319,539.0472917012083,152731.29682443768,152193.79774288053,0.71837,0.29228,0.64058,1043.9351317539106
0.05974279002360919,0.90959280179697,0.002390560132821138,152067.06206248622,149402.55809359267,152188.6257374044,154311.9507259032,58990.00498616043,28756.85681507136,54544.42657213974,0.99931,0.513245,640.5675377994651,152987.21821490506,152358.5681657513,0.71837,0.290755,0.63078,1051.9762827020638
0.0708367069501854,0.4056426155980112,8.245015136573372e-05,152628.54300270032,149843.95372642184,152694.9501224718,155151.9637399616,58428.52404594637,28414.3153033624,53988.331248957285,0.99922,0.1946,2210.4361100744836,153541.928677952,151424.3896904812,0.71837,0.287685,0.38753,1069.6840994685635
0.07787084321966875,0.9333146120373432,0.005569817542772323,152984.36984128342,150116.051917879,153017.4393397876,155692.16719349928,58072.69720736325,28199.58995853288,53641.45384817492,0.99918,0.379975,1106.5796575038116,153893.64475920668,152798.5229164344,0.71837,0.285845,0.56457,1081.09388878863
0.0813220550904879,0.5821028712846023,9.94756011112939e-05,153158.9034434225,150248.7496660857,153176.56081630004,155956.90296287005,57898.16360522419,28096.87587675101,53466.656524897946,0.999135,0.26098,1789.163708272683,154066.2098998694,152352.03111779317,0.71837,0.28493,0.44634,1086.7403913651358
0.09526161221691748,0.49692907646708573,0.012046356119783705,153863.56139551042,150773.8837027515,153824.85453097842,157027.61916916133,57193.505653136264,27671.162236886248,52772.57303704838,0.998965,0.017315,4308.924912725151,154763.20612216374,150560.02220134166,0.71837,0.281625,0.204465,1109.835749343494
0.09697385193680486,0.5186385666620267,0.011880632313363067,153950.08603912438,150835.8932720555,153904.97843810485,157161.3637431408,57106.981009522315,27618.180817534798,52685.94728420988,0.99894,0.020615,4219.126398105828,154848.82036410843,150732.69039663838,0.71837,0.281175,0.212425,1112.7033376687018
0.10111620396698487,0.9883645034059102,5.570595595038902e-05,154159.38788071144,150985.32979262384,154099.54884222613,157481.44596661103,56897.67916793522,27492.101239437226,52481.768692410784,0.998905,0.70486,69.78028930818479,155055.94342334644,154988.75911747164,0.71837,0.28035,0.713665,1119.6644931109488
0.10111620396698487,0.9999746890185393,5.570595595038902e-05,154159.38788071144,150985.32979262384,154099.54884222613,157481.44596661103,56897.67916793522,27492.101239437226,52481.768692410784,0.998905,0.718605,8.489511389316394,155055.94342334644,155047.45955906363,0.71837,0.28035,0.719465,1119.6644931109488
0.10761587164675895,0.5662535421412991,0.0062997796903921386,154487.7291284324,151216.32931258113,154404.37959429703,157986.13666018104,56569.33792021429,27296.837343891064,52158.9502908453,0.998805,0.078365,3381.921799506976,155380.93537093003,152102.0067602637,0.71837,0.278855,0.28819,1130.6564555763077
0.11188988327546961,0.991359431934562,0.007042938047986714,154703.59498784406,151370.46116537807,154604.42745181566,158315.34198138685,56353.4720608026,27171.055022516426,51948.75392410376,0.998765,0.396305,1106.914777685548,155594.64158356178,154489.85999495932,0.71837,0.27811,0.576985,1137.927248344087
0.1179327120108144,0.9645479234900036,0.0048752817452674645,155008.74299692464,151581.58908539492,154889.84316045197,158785.08833166934,56048.32405172203,26985.850812601308,51649.159442220756,0.99871,0.434985,949.5708705765846,155896.79098201875,154956.44523517066,0.71837,0.276785,0.61176,1148.2619030543738
0.1179327120108144,0.9645479234900036,0.005511046858550142,155008.74299692464,151581.58908539492,154889.84316045197,158785.08833166934,56048.32405172203,26985.850812601308,51649.159442220756,0.99871,0.412945,1044.9356375690093,155896.79098201875,154861.08046817823,0.71837,0.276785,0.592855,1148.2619030543738
0.12717840307702913,0.5854348379948604,0.010346274437163268,155475.50363663366,151900.2776512083,155328.47973477948,159504.68018917667,55581.56341201303,26705.49519934552,51190.97064326114,0.99858,0.0252,4304.530255569604,156359.08771692964,152170.89032178133,0.71837,0.27487,0.220325,1164.1982540934196
0.12761917905867476,0.9228647008519328,0.013946124296068717,155497.75197079327,151914.1313448024,155349.0897731327,159539.99241122394,55559.31507785341,26691.9102712772,51169.37439943971,0.998575,0.152595,2605.84906847977,156381.12709675345,153796.99830483325,0.71837,0.274805,0.366215,1164.961854727061
0.13227009018916222,0.9203426989298414,1.9658406165076842e-14,155732.49104981098,152074.50412719738,155568.5465472084,159903.97821304607,55324.57599883569,26549.70617417819,50940.87056610592,0.998495,0.578995,550.0756881677191,156613.67878105555,156086.85097920877,0.71837,0.27389,0.662335,1173.0365135732873
0.13227009018916222,0.41584772277241,1.9658406165076842e-14,155732.49104981098,152074.50412719738,155568.5465472084,159903.97821304607,55324.57599883569,26549.70617417819,50940.87056610592,0.998495,0.05451,4033.8796516117536,156613.67878105555,152750.28326024723,0.71837,0.27389,0.24985,1173.0365135732873
0.13702104289603956,0.9828253170147632,0.006635123657402181,155972.24315364333,152235.6185034905,155793.2596987122,160274.4530466255,55084.823895003356,26407.649764987964,50710.99795688361,0.998445,0.404795,1118.128746813512,156851.23267598628,155738.2963781078,0.71837,0.27299,0.58046,1181.3210960602632
0.14849205499765503,0.4288904720630532,0.006936880390493364,156550.97436234556,152614.3633670549,156339.5225202698,161166.86829195754,54506.09268630112,26058.10905283295,50134.90459901937,0.998315,0.00896,5468.0245832552,157424.79839462446,152143.89322986949,0.71837,0.271095,0.15651,1201.4659456894008
0.14973705244105986,0.5854348379948604,0.010880871833403683,156613.77552837852,152656.01186238314,156398.82118069028,161264.3371650217,54443.29152026815,26022.09240603556,50072.44373024494,0.998285,0.014345,4872.968581942659,157487.04990713298,152751.04907443127,0.71837,0.270875,0.19061,1203.663330345246
0.15582985817660155,0.8694663766333748,0.0001361291763552902,156921.08352779347,152855.97551287743,156688.9718760366,161741.19963409097,54135.98352085323,25836.48571650016,49773.151738353175,0.99821,0.430455,1082.379678127276,157791.69822144666,156754.20024396863,0.71837,0.26992,0.588015,1214.4471828747714
0.15582985817660155,0.9743960361749167,0.0008643971510014364,156921.08352779347,152855.97551287743,156688.9718760366,161741.19963409097,54135.98352085323,25836.48571650016,49773.151738353175,0.99821,0.65207,337.9614066640167,157791.69822144666,157462.54028939857,0.71837,0.26992,0.694455,1214.4471828747714
0.15734876590880068,0.9999746890185393,0.015383175749291465,156997.6870849466,152904.91520786614,156761.26717359375,161860.05739533703,54059.37996370008,25789.9983604763,49700.22585549002,0.99819,0.19953,2307.684287791139,157867.64560928365,155559.97010905773,0.71837,0.269715,0.404035,1217.1424240813885
0.16137406532889165,0.78787723058011,0.00946596551317199,157200.6837498592,153036.48276169517,156952.05700324575,162174.91816135272,53856.38329878748,25668.30606977117,49502.1876430665,0.998055,0.10761,3207.0252243174923,158068.91588379527,154937.42027333268,0.71837,0.26911,0.32844,1224.297699464287
0.16345607125990108,0.4113162007812616,0.00020770883330689896,157305.67156335863,153102.62193777016,157051.13495221658,162339.74740695677,53751.39548528805,25606.177331473413,49400.24328992046,0.998015,0.024665,5054.794519556404,158173.01892347913,153330.53876752278,0.71837,0.26877,0.19303,1228.006790330414
0.17375678960164623,0.2828781158255298,0.009751050049216267,157825.02367584477,153438.574562016,157542.16210034897,163148.76011681164,53232.04337280191,25298.676797352462,48889.83654892078,0.99782,0.000255,7967.997108158272,158688.06841221085,150995.00691522704,0.71837,0.267195,0.05917,1246.4322988457657
0.18120169741376474,0.9999915351043978,0.004209903294011362,158200.31276012608,153674.72834358603,157898.37041933145,163734.2054755668,52856.754288520584,25071.7105202306,48519.29795897163,0.997635,0.54773,631.5655731828758,159060.32361180667,158428.76142301149,0.71837,0.26618,0.66071,1259.8253121566888
0.18333302590160688,0.9481227975193753,0.00044116164544080044,158307.73959732652,153740.67471822165,158000.18333497498,163900.992804583,52749.32745132014,25008.36337210993,48414.138131556116,0.99759,0.586265,562.7122212954122,159166.89284431678,158625.16584129783,0.71837,0.26588,0.670745,1263.6704004412202
0.18605143620348163,0.9998497872203955,8.893047093704525e-07,158444.75047739962,153828.09787694082,158130.56129459292,164113.4631932449,52612.316571247065,24927.714713592006,48276.97898005803,0.99753,0.734475,1.5924623294459144,159302.81694103434,159301.28614333709,0.71837,0.265475,0.734495,1268.581683128727
0.1872440770083378,0.7525442626878994,0.0003249109335532463,158504.85851273645,153865.12235960917,158187.6777991047,164208.3900965778,52552.20853591026,24891.927652675266,48218.04406458864,0.99751,0.21015,2467.7642744605796,159362.45055263327,156996.92180805036,0.71837,0.26534,0.40917,1270.7387746953073
0.1892649610618795,0.3561226585642051,0.0009072475052515042,158606.7069704124,153928.72213501245,158283.54502564023,164367.66300261396,52450.36007823429,24830.35821081709,48119.64540809943,0.997475,0.00688,6498.305555270109,159463.497417913,153234.07873399497,0.71837,0.2651,0.12558,1274.396183947972
0.1907649178343603,0.9483306022364709,0.010154410977094113,158682.29951982055,153975.3100221964,158354.61790247902,164485.68476762282,52374.76752882612,24785.03629382692,48046.315967638235,0.997445,0.263415,2037.7584958872367,159538.49723279534,157522.4871786436,0.71837,0.26487,0.443145,1277.11304539329
0.20634458162458924,0.46418210709987195,1.1528173302759312e-05,159467.32583261214,154462.91937006894,159100.89642075505,165707.73304337103,51589.741216034505,24317.83487889183,47273.70217099525,0.996965,0.017575,5773.984043576407,160317.50094919154,154787.47010460525,0.71837,0.262745,0.168425,1305.4663679963949
0.20994944015222786,0.873933762224758,0.002414899936813285,159648.9370350455,154575.36269109516,159273.7814761626,165993.53114347768,51408.13001360117,24211.093127090873,47095.060041773686,0.996835,0.324265,1744.0462482181588,160497.74862513138,158812.10196032887,0.71837,0.26229,0.489835,1312.056820896533
0.21829926525633656,0.4288904720630532,0.005293394672317634,160069.551179583,154831.03651265608,159675.6522237219,166649.390028986,50987.51586906368,23959.734793208198,46678.329859755744,0.99655,0.003195,7302.898616386361,160915.2508815946,153887.43790244614,0.71837,0.261155,0.098645,1327.3684954418025
0.2272171132011514,0.7252443363598,0.0014465858311142068,160518.7181328574,155104.05266940463,160102.74732900353,167348.37560875763,50538.34891578926,23691.800590553386,46237.60647080763,0.99627,0.11744,3476.2771282265617,161361.15502848793,158022.6254642494,0.71837,0.260225,0.332485,1343.7825718689394
0.2350545254670387,0.9124800418586033,0.015101179205034565,160913.41804741742,155344.20118075592,160478.59618687903,167967.16389756047,50143.64900122927,23455.599413931668,45851.42271279612,0.995905,0.11931,3339.193327011238,161753.03596791386,158459.23387121252,0.71837,0.25929,0.34185,1358.2565404618972
0.25804447468551334,0.24261329735176204,0.014166943490514967,162070.97744497962,156038.47890819958,161582.41851174977,169775.5891343766,48986.08960366707,22763.28911358678,44712.37508705938,0.994765,0.0,12328.501227788514,162902.56371909575,151005.29200460378,0.71837,0.25702,0.015145,1400.9513181402106
0.2634981783062111,0.4005584966705566,0.014063197029813472,162345.5302776874,156200.99884160174,161843.39296783615,170205.71088888196,48711.53677095928,22599.94434638318,44442.88208983782,0.994435,0.00012,10355.789216797846,163175.2560856224,153167.98121643448,0.71837,0.2565,0.03453,1411.1242357619112
0.2713135500947608,0.5282300731910905,0.02262287326859432,162738.94687605122,156436.3639640943,162217.5564302036,170824.43833900412,48318.120172595445,22366.480597753853,44048.26342394702,0.9939,0.00019,10075.899957866572,163566.03497214217,153772.5566559584,0.71837,0.255845,0.03673,1425.7308361933797
0.277623590718044,0.5282300731910905,0.02237302238990997,163056.5642399065,156623.09218380047,162520.40769021623,171320.79951747562,48000.50280874019,22175.71083901891,43730.945369615656,0.99352,0.00021,10193.839004053347,163881.54531705932,153976.69634034918,0.71837,0.25528,0.03698,1437.5466751721187
0.2784644249105461,0.9933438650382379,5.570595595038902e-05,163098.88618763717,156648.29285768812,162560.51565568574,171386.4155227327,47958.1808610095,22150.54656366124,43687.97485898425,0.99344,0.72392,105.12284337392128,163923.58813452005,163822.55495935216,0.71837,0.255205,0.735085,1439.1228126718418
0.28607226734861435,0.4761130534858647,5.686497290204412e-05,163481.79806323771,156873.5734186659,162926.03223175879,171987.1275511225,47575.268985408955,21924.001484416454,43312.693783655006,0.992875,0.00682,7832.884787432857,164303.99028008681,156801.78674334893,0.71837,0.2546,0.10787,1453.3994895160097
0.28988758566164297,0.730762216206056,0.0034772832043590074,163673.81851869967,156985.9475353374,163108.39029760187,172290.47857862295,47383.248529947006,21810.1221215639,43121.51407375994,0.992565,0.065695,4596.3412541334255,164494.7612225861,160070.63135374076,0.71837,0.254295,0.26644,1460.5683272345882
0.2915403009969353,0.5266831486927185,0.009175286403485389,163756.9955599706,157035.07365976513,163187.28931175283,172421.93238003057,47300.07148867609,21759.98404977456,43034.74390801006,0.99246,0.002745,8580.493242228396,164577.39916687505,156301.37753243756,0.71837,0.25418,0.079605,1463.6758820198768
0.2974230156346155,0.4271391214105311,0.0010632961256722294,164053.0497761641,157213.5532644301,163469.96157969607,172891.13901421276,47004.01727248257,21583.979271643722,42741.508636102546,0.992005,0.002645,9054.760650368085,164871.5426494915,156192.72324247222,0.71837,0.25373,0.07582,1474.7451282805582
0.29919084154609743,0.3624400369113572,0.011935811075746537,164142.0148468269,157267.4762463537,163554.92442298908,173031.83661202525,46915.05220181978,21529.675329358655,42655.74540847742,0.99182,8.5e-05,11749.115134727319,164959.93627425312,153631.70819406986,0.71837,0.25356,0.02822,1478.074321132253
0.3049652535297832,0.9371441844131618,0.009466012965133693,164432.60011112067,157436.5838569191,163832.5974422489,173489.04085185536,46624.46693752601,21353.860057856607,42365.58976736668,0.99129,0.242515,2420.664482752332,165248.6644814764,162870.29529411305,0.71837,0.25317,0.434745,1488.9582783280334
0.306792515250436,0.7197464720354152,0.004848636458200932,164524.5506749038,157488.76638039268,163919.96437023766,173633.59613925574,46532.51637374289,21299.856515689098,42274.92138057183,0.99117,0.04654,5216.103800964201,165340.02997500583,160313.63698669785,0.71837,0.253035,0.23131,1492.4049896162267
0.3149279617363989,0.3717157012128556,0.0019804277187990145,164933.9241984173,157729.4272112916,164310.33704399422,174280.26973449776,46123.14285022936,21054.282728174483,41867.74781917414,0.99046,0.000725,10627.119360516619,165746.8130181086,155556.2734850741,0.71837,0.25252,0.04975,1507.7650537861407
0.318318569073039,0.9997855024818878,0.00387587495925094,165104.53247571693,157828.70934134704,164473.01278709137,174546.80610405456,45952.53457292975,20952.013476396925,41701.84553115019,0.990125,0.596835,584.9459149349202,165916.34785221325,165331.5525912139,0.71837,0.252305,0.682865,1514.1728531089657
0.325370050280538,0.9164572313200013,0.013165404436197655,165459.33496900817,158035.17789368378,164811.3526728874,175103.56714897288,45597.73207963852,20739.703848133944,41348.850203080525,0.98943,0.144225,3393.9389365082066,166268.93120322144,162934.9689816102,0.71837,0.25175,0.3605,1527.5125284019703
0.33213364987239435,0.8783414184602416,0.007193181492599835,165799.6348236784,158234.03685759893,165136.73212699502,175640.18034912972,45257.432224968245,20541.00295338138,41006.25253059162,0.98874,0.171055,3188.532162223142,166607.12009415092,163507.7441961461,0.71837,0.251215,0.37961,1540.3251827083182
0.3330197522545844,0.8812366236841749,0.015286188047918378,165844.21625797637,158260.67897332227,165178.78783002033,175709.1423283285,45212.85079067029,20515.407587168353,40959.87491514164,0.98866,0.07378,4357.77456716095,166651.42638073885,162380.91855610014,0.71837,0.25113,0.285585,1542.0051852585843
0.3378700255828279,0.4005584966705566,0.015303300363068567,166088.23721656104,158402.26203929904,165411.46321270784,176095.71308563478,44968.82983208565,20370.28523530494,40716.304923248405,0.988105,7.5e-05,12869.309547159071,166893.9464375971,154471.51873341654,0.71837,0.250795,0.02581,1551.2062219884642
0.3444534344766113,0.4761130534858647,5.686497290204412e-05,166419.44052874442,158596.97025374096,165726.7106317922,176616.48914287682,44637.62651990226,20168.798214472758,40387.41313093563,0.987095,0.004155,9429.66655023754,167223.12555621387,158191.6251532041,0.71837,0.250325,0.08199,1563.7080627390114
0.3473032576267043,0.963849008111653,0.0033064901882611016,166562.80723400397,158682.20314556282,165863.42507084797,176843.27851125237,44494.25981464272,20082.30703313304,40246.76934827394,0.986685,0.452675,1151.460837795741,167365.62046848447,166241.86253555302,0.71837,0.25014,0.6049,1569.1242931045392
0.354574411474134,0.9526639137677406,0.0021815353331535517,166928.5880050901,158897.74972533216,166213.5977558947,177419.8913361161,44128.47904355657,19870.476772164362,39882.24280318424,0.9857,0.446525,1203.4942633452092,167729.18774091746,166562.72708121245,0.71837,0.24965,0.595685,1582.9543111183727
0.3563670584693382,0.9567922807196221,0.008504324051326137,167018.766326579,158949.10156193908,166300.50635207765,177560.92038221454,44038.30072206766,19815.621942470818,39791.038314998324,0.985415,0.305645,2079.533947053927,167818.82245256807,165773.2631664317,0.71837,0.249595,0.472095,1586.3661067836726
0.3564072418133191,0.9614746635301967,0.0017508674720295985,167020.78772511845,158950.21584802927,166302.45592719386,177564.03329306492,44036.279323528215,19814.38481195539,39789.46367242187,0.985415,0.488705,979.4799295180538,167820.83167271042,166871.64801554306,0.71837,0.24959,0.636925,1586.4425913639334
0.36054424810557967,0.9049036022702349,0.002503018412747484,167228.89468028018,159070.48411126816,166500.4138274606,177892.80109058513,43828.17236836649,19688.30644519972,39581.250402565056,0.9847,0.300355,2165.47262834925,168027.6874380092,165937.86654134426,0.71837,0.24932,0.470775,1594.3195441306234
0.36379132067736064,0.6917204002888933,0.0002507954923515432,167392.23071319264,159165.50238340875,166656.92794658884,178148.37688161308,43664.83633545404,19589.877180561158,39418.02232438787,0.98418,0.04689,5892.692581846521,168190.0453447576,162544.8061232961,0.71837,0.249125,0.21298,1600.5059566378206
0.366093101319455,0.2864263910143537,0.01895852711857303,167508.01436931285,159231.26886076943,166767.21082467897,178331.21498239046,43549.052679333836,19522.039939822578,39300.473708529506,0.983765,0.0,16482.245467624343,168305.13740955843,152399.2953774557,0.71837,0.24902,0.010545,1604.8931543071144
0.3663822345221766,0.7485108982844756,0.008571239262442383,167522.55820547818,159239.0185601547,166781.20876918457,178354.0247224353,43534.50884316851,19513.35180571017,39287.27491801136,0.983735,0.037925,6096.170062194231,168319.59445064008,162426.73020908952,0.71837,0.24901,0.197375,1605.4443203303251
0.36745173160306693,0.9280918456077868,0.00638159157547267,167576.35537859553,159268.16198620555,166832.46952686715,178438.93813078973,43480.71167005113,19481.322608334132,39233.46997798588,0.98353,0.27401,2336.7131636624,168373.0707137935,166094.6583719261,0.71837,0.248955,0.452985,1607.4832138587453
0.3754280189139336,0.6917204002888933,0.01007791531624435,167977.5644322294,159501.0760930091,167215.1678316908,179069.88468104275,43079.50261641725,19242.04496969123,38834.73876469022,0.98206,0.017625,7554.048477883994,168771.89558844233,161473.215833182,0.71837,0.248505,0.13621,1622.6984009575326
0.3767736276518106,0.4703594984089703,0.0094785883425227,168045.2472000026,159540.1399018232,167279.41618171934,179176.88281781838,43011.81984864407,19200.938771801062,38768.7266838949,0.981855,0.000615,11840.089193169099,168839.17779823425,157439.39796823647,0.71837,0.24838,0.046035,1625.2668760439274
0.3794681440421012,0.90959280179697,5.17976157493028e-05,168180.77637941373,159618.5399868106,167409.05122995598,179388.185963549,42876.29066923294,19119.107673652692,38634.705168736924,0.98132,0.35955,1798.843714006736,168973.90716789133,167250.7597395155,0.71837,0.248235,0.51401,1630.4124113512491
0.3868859986270308,0.6614596090428596,0.008597656896607712,168553.87098473462,159830.49311234753,167765.2162944484,179979.4918879794,42503.19606391207,18898.043242693184,38259.376757228296,0.97981,0.01399,8127.642571631942,169344.8096704839,161506.16170715564,0.71837,0.247775,0.121335,1644.587514731353
0.3926526390814892,0.4288904720630532,0.005718295840353097,168843.90528948812,159999.05498480704,168043.26004242458,180434.4132070382,42213.16175915857,18725.874108438227,37969.31156130742,0.97862,0.000495,12565.216700798497,169633.14929100644,157562.7262914512,0.71837,0.24747,0.043045,1655.6166971913117
0.39383952184580134,0.4050412624433962,0.0072560659839801785,168903.5988139849,160033.50802850816,168100.6422131809,180529.09853186048,42153.46823466178,18689.99461679194,37909.403650731285,0.978365,0.00024,13321.64594737553,169692.49499299173,156887.86313502459,0.71837,0.24741,0.035415,1657.887685092919
0.39507139039789096,0.3911118760711467,0.015020713304874563,168965.5545792316,160068.54743541015,168159.49636785215,180626.25492333487,42091.51246941507,18653.162760108033,37847.11335213235,0.97805,5.5e-05,14811.911430591732,169754.09004363662,155472.9522213139,0.71837,0.247345,0.023095,1660.2450402860316
0.3978321100523205,0.9280918456077868,0.009104062896180936,169104.40118530986,160149.47942651657,168291.4970696394,180846.4409377755,41952.66586333681,18568.184367877744,37704.69982777328,0.977375,0.21935,2859.136815011964,169892.12966372631,167096.11389825004,0.71837,0.24718,0.415695,1665.5294742726514
0.4051592338160087,0.9793603569445074,0.0022404036725136725,169472.8999381024,160365.92694075365,168643.5667255115,181426.50956115135,41584.16711054425,18345.374257725744,37339.91468251031,0.97539,0.53934,772.6398475435199,170258.49550571502,169504.30683875873,0.71837,0.24683,0.67155,1679.5635755676403
0.4091905412544315,0.977225900629279,0.00919166982375075,169675.63974571737,160482.71005138537,168837.2552607205,181745.56436879755,41381.4273029293,18222.78009803374,37135.84983195814,0.974375,0.34955,1865.271944174193,170460.06618905906,168615.35613497533,0.71837,0.2466,0.497915,1687.289373538141
0.4103419204950161,0.9361980908820914,0.01372344162328543,169733.5434005815,160516.27105727996,168892.6022641299,181836.77063463026,41323.52364806519,18188.389612064766,37078.466077434365,0.974065,0.16349,3425.347099167355,170517.63666808052,167150.0560345766,0.71837,0.24653,0.373005,1689.496670971668
0.4156279770647832,0.4117097597425062,0.008827718462008832,169999.3802969689,160668.02432123327,169144.52662237227,182254.56526113,41057.68675167775,18030.3821890323,36812.056384704774,0.972475,0.000195,14089.475541494012,170781.94646117836,157231.97241521205,0.71837,0.24631,0.033065,1699.6330448219073
0.415637301640145,0.9870667823978274,0.009647803978414698,169999.8492274627,160668.34014370976,169144.96059411735,182255.29299166033,41057.21782118397,18030.098152342132,36811.55602831885,0.97247,0.371025,1727.8149541530795,170782.412702232,169066.45863969365,0.71837,0.24631,0.51437,1699.6509296926974
0.4219023000080336,0.3447822464628363,0.014430167778652254,170314.9109803257,160851.00230222652,169446.127531311,182748.54879155548,40742.15606832097,17842.59746103233,36494.15055258048,0.97061,1.5e-05,16596.73261445118,171095.6708750343,155108.88762813713,0.71837,0.24605,0.017735,1711.6708235734225
0.423080146086586,0.4028468961944938,0.009035028775122862,170374.14296697613,160885.42506248862,169502.08208281145,182841.38006113222,40682.92408167054,17809.791621069697,36434.10703479481,0.97023,0.000155,14545.216579548107,171154.56473082534,157166.79642589006,0.71837,0.245935,0.030985,1713.9315640333778
0.42596943173472845,0.9216626113175032,0.014164837661520421,170519.43908402824,160969.04316961297,169640.05508548,183071.3195706688,40537.627964618434,17722.37597379225,36288.46863885484,0.969365,0.127505,3866.8643902236013,171299.032819992,167505.79655818298,0.71837,0.24582,0.34211,1719.4786319613706
0.43227947235788117,0.9216626113175032,0.013914986782822185,170836.75353839478,161150.49292136222,169942.86244313416,183571.25573795254,40220.31351025187,17532.98897565888,35967.09054648518,0.967235,0.13044,3855.1936952736564,171614.54316490263,167834.06827837572,0.71837,0.245575,0.343995,1731.5973804219914
0.4352855591010856,0.730762216206056,0.004023021448736671,170987.9190826769,161238.8874174628,170088.44014793367,183811.66378673582,40069.14796596978,17441.372104860708,35816.49741002392,0.96626,0.042925,6721.960479400556,171764.8514627129,165301.47787297718,0.71837,0.2454,0.188855,1737.3729468130218
0.43920344750634543,0.34210979922482754,0.0065699479951222065,171184.93383625583,161352.17295965282,170278.05158360713,184122.12444907575,39872.13321239084,17323.24726069816,35618.238690411454,0.96485,6e-05,16070.806792812433,171960.7510449643,156527.4959315508,0.71837,0.24528,0.02411,1744.9024430648171
0.44310734180394656,0.41549002262893825,0.010354182677662385,171381.24255133225,161465.76356336445,170465.85923061214,184431.1665885725,39675.82449731443,17204.66633485837,35423.35190901978,0.963385,0.00015,15074.97659750411,172155.9509033949,157652.4491405678,0.71837,0.24513,0.030715,1752.4073765469684
0.4485765934281981,0.730762216206056,0.007197341541956345,171656.26186760535,161621.85102921954,170728.47343306217,184865.25711599784,39400.80518104131,17039.236423922404,35147.75642162142,0.960925,0.033405,7384.931346452797,172429.4206905844,165310.97194077595,0.71837,0.24491,0.163115,1762.9255373281112
0.44977549903634073,0.3814157849677353,0.015504728261957606,171716.54786353832,161656.67630238875,170786.42910704826,184961.08415779768,39340.519185108344,17003.544987094952,35087.319047982164,0.96043,3e-05,16851.167442760903,172489.36755060183,156252.09053844705,0.71837,0.244875,0.02043,1765.231739760508
0.45065765578003014,0.9871746762712006,0.009118727181883791,171760.90627972042,161683.5846390923,170829.0241067896,185030.7243181036,39296.16076892624,16976.62897362696,35042.738430135054,0.960045,0.38534,1669.5611783997413,172533.47655006617,170876.6683412937,0.71837,0.244845,0.524155,1766.9287674059624
0.45677440987813156,0.37222343518782347,0.0023817310997821723,172068.47785956124,161859.14503657084,171123.560784336,185512.3035169286,38988.5891890854,16794.383381336374,34735.216275041064,0.95737,0.000195,15327.958641695866,172839.32231406082,158144.07134413434,0.71837,0.24456,0.032905,1778.6993303161842
0.4574226358539941,0.7225750130922755,0.0021224239955177056,172101.0724889144,161877.2204257613,171154.88695509033,185563.21550532564,38955.99455973227,16774.751102319904,34703.34148248426,0.95702,0.044295,6943.55515697062,172871.7344669199,166208.18023255002,0.71837,0.244525,0.18604,1779.9471390926344
0.45876365524101115,0.4087032716043044,0.010580432921800094,172168.5024189024,161915.99836799403,171219.999121033,185668.03202047135,38888.56462974428,16734.879153228823,34637.606197530346,0.95647,0.000115,15749.231370547095,172938.7872031221,157788.09243828093,0.71837,0.244465,0.02891,1782.5288521513414
0.45881236611108994,0.38140475560655085,0.016461515821755982,172170.951721063,161917.4562786351,171222.46090886515,185671.82146369314,38886.11532758367,16733.37302650228,34635.29418661437,0.95644,2e-05,17286.79455695526,172941.22281080473,156280.66410620703,0.71837,0.24446,0.019625,1782.6226363036287
0.4643512638622649,0.7867243658187326,0.013480838252465092,172449.45850205657,162076.80810047372,171488.2211830725,186108.1123913318,38607.60854659008,16566.99853173166,34354.13035592639,0.95374,0.038105,7192.513171388714,173218.17499610223,166244.1782614071,0.71837,0.24418,0.16926,1793.289401928214
0.4672060255475037,0.41988334686186873,0.013926720593240759,172592.99951350267,162159.48350983715,171625.30211741733,186333.84432778743,38464.06753514399,16480.6083293889,34210.111115597334,0.95235,0.0001,16239.090896023035,173360.91684163685,157719.8518602422,0.71837,0.244055,0.02686,1798.7891560559367
0.46959925605048947,0.9999999989628091,7.800141957214868e-11,172713.33296495132,162228.21604702572,171740.2564695771,186524.86607055872,38343.734083695315,16407.40749126731,34088.08776933899,0.95113,0.75608,3.7128737828461455e-05,173480.58151997143,173480.58148391737,0.71837,0.24392,0.75608,1803.4009524729388
0.4706317343836561,0.3996946759338888,0.01500497327487036,172765.24645735676,162257.74445885813,171790.27514748272,186605.73268060197,38291.82059128992,16375.814086338482,34035.94202603694,0.95056,5e-05,17000.630388617672,173532.20679696486,157154.95177849155,0.71837,0.24389,0.0228,1805.3908601338942
0.4706317343836561,0.3776317893683236,0.013551762757250797,172765.24645735676,162257.74445885813,171790.27514748272,186605.73268060197,38291.82059128992,16375.814086338482,34035.94202603694,0.95056,4e-05,17324.747994954152,173532.20679696486,156853.74494693568,0.71837,0.24389,0.02125,1805.3908601338942
0.4706715648565691,0.6850567504289085,0.015224393889604072,172767.2491506078,162258.89043945874,171792.19383640232,186608.83069447882,38289.81789803888,16374.58194519636,34033.811108637456,0.95054,0.010005,10022.670356292694,173534.1983730889,163838.602377977,0.71837,0.24389,0.093635,1805.4676273880186
0.4706715648565691,0.9762286287013164,0.013436523104512748,172767.2491506078,162258.89043945874,171792.19383640232,186608.83069447882,38289.81789803888,16374.58194519636,34033.811108637456,0.95054,0.25598,2599.6056400240477,173534.1983730889,170959.27973966842,0.71837,0.24389,0.442045,1805.4676273880186
