id,kind,name,ends,months_early,before_payment,wins_listing,price_basis,clean,yield_pct,gap_bp,yield_flag,coupon_share_of_cash,own_yield_pct,r_own,r_own-2pp,r_0.02,r_0.0,per10k_at_curve,per10k_at_2pct,need_50k_curve,need_50k_2pct,need_50k_0pct,commission_usd,expense_pct,spread_pct,adv30,median20,min20,slot,chosen_in_tab,liquidity_portfolio_qty,liquidity_portfolio_adv30,liquidity_portfolio_x_of_2adv30,liquidity_portfolio_pct_median20,liquidity_portfolio_pct_min20,liquidity_portfolio_pass_2x_rule,liquidity_portfolio_pass_10pct_median,liquidity_portfolio_pass_half_of_worst_day,liquidity_bookL_qty,liquidity_bookL_adv30,liquidity_bookL_x_of_2adv30,liquidity_bookL_pct_median20,liquidity_bookL_pct_min20,liquidity_bookL_pass_2x_rule,liquidity_bookL_pass_10pct_median,liquidity_bookL_pass_half_of_worst_day,cusip,coupon,outstanding_musd
IBTM,iBonds ETF,iShares iBonds Dec 2032 Term Treasury ETF,2032-12-15,0.6,True,SEEN 29 Sep (tab WInS Notes),WInS close (tab WInS Notes),21.76,5.11,1.625,False,0.174735,4.980786,0.996597,0.976258,0.96662,0.947609,13654.156209,13198.37981,36618.886759,37883.437755,38643.458887,25,0.07,0.05,186480.0,159771.0,85726.0,2033,True,4486,186480.0,0.012028,0.028078,0.05233,True,True,True,1678,186480.0,0.004499,0.010503,0.019574,True,True,True,,,
T 5.375% 15-Feb-2031,Treasury bond,,2031-02-15,22.5,True,UNVERIFIED (not seen in WInS; bond class suggests it may be listed),curve model (no WInS price),101.26646,5.04756,0.0,False,0.194766,5.044225,0.994489,0.950494,0.928286,0.88715,13736.230937,12751.15586,36400.086915,39212.131472,41030.346578,10,0.0,,,,,2033,False,,,,,,,,,,,,,,,,,912810FP8,5.375,16427.648
IBTM,iBonds ETF,iShares iBonds Dec 2032 Term Treasury ETF,2032-12-15,12.6,True,SEEN 29 Sep (tab WInS Notes),WInS close (tab WInS Notes),21.76,5.11,1.625,False,0.174735,4.980786,0.991872,0.952774,0.934279,0.89787,14410.552772,13463.483853,34696.795322,37137.490225,38643.458887,25,0.07,0.05,186480.0,159771.0,85726.0,2034,False,4486,186480.0,0.012028,0.028078,0.05233,True,True,True,1678,186480.0,0.004499,0.010503,0.019574,True,True,True,,,
IBTO,iBonds ETF,iShares iBonds Dec 2033 Term Treasury ETF,2033-12-15,0.6,True,UNVERIFIED (WInS name not recorded; IBTN in WInS is INSCORP Inc),iShares closing price 28 Sep (= Nasdaq consolidated close 23.015 rounded),23.02,5.14,0.395,False,0.216171,5.025456,0.995613,0.969296,0.956406,0.93236,14401.902532,13774.064089,34717.635319,36300.10698,37236.313864,25,0.07,0.04,211074.0,158094.0,49271.0,2034,True,1016,211074.0,0.002407,0.006427,0.020621,True,True,True,1503,211074.0,0.00356,0.009507,0.030505,True,True,True,,,
IBTO,iBonds ETF,iShares iBonds Dec 2033 Term Treasury ETF,2033-12-15,12.6,True,UNVERIFIED (WInS name not recorded; IBTN in WInS is INSCORP Inc),iShares closing price 28 Sep (= Nasdaq consolidated close 23.015 rounded),23.02,5.14,0.395,False,0.216171,5.025456,0.991404,0.946472,0.924482,0.883493,15198.484173,14050.731388,32898.017611,35585.33618,37236.313864,25,0.07,0.04,211074.0,158094.0,49271.0,2035,False,1016,211074.0,0.002407,0.006427,0.020621,True,True,True,1503,211074.0,0.00356,0.009507,0.030505,True,True,True,,,
IBTP,iBonds ETF,iShares iBonds Dec 2034 Term Treasury ETF,2034-12-15,0.6,True,UNVERIFIED (WInS name not recorded; IBTN in WInS is INSCORP Inc),iShares closing price 28 Sep (Nasdaq 24.1006),24.1,5.19,1.72,False,0.248294,5.094927,0.995708,0.965006,0.949185,0.921935,15217.728078,14444.438398,32856.415716,34615.399105,35638.534701,25,0.07,0.04,94221.0,84808.0,26563.0,2035,True,921,94221.0,0.004887,0.01086,0.034672,True,True,True,1362,94221.0,0.007228,0.01606,0.051274,True,True,True,,,
IBTP,iBonds ETF,iShares iBonds Dec 2034 Term Treasury ETF,2034-12-15,12.6,True,UNVERIFIED (WInS name not recorded; IBTN in WInS is INSCORP Inc),iShares closing price 28 Sep (Nasdaq 24.1006),24.1,5.19,1.72,False,0.248294,5.094927,0.991429,0.942224,0.916817,0.872962,16071.44543,14734.570905,31111.078476,33933.801209,35638.534701,25,0.07,0.04,94221.0,84808.0,26563.0,2036,False,921,94221.0,0.004887,0.01086,0.034672,True,True,True,1362,94221.0,0.007228,0.01606,0.051274,True,True,True,,,
IBTQ,iBonds ETF,iShares iBonds Dec 2035 Term Treasury ETF,2035-12-15,0.6,True,UNVERIFIED (WInS name not recorded; IBTN in WInS is INSCORP Inc),iShares closing price 28 Sep (Nasdaq 23.6951),23.7,5.22,1.75,False,0.277731,5.127693,0.994694,0.958011,0.938792,0.907054,16066.158904,15082.785144,31121.315492,33150.376089,34310.311993,25,0.07,0.04,86882.0,91544.0,18278.0,2036,True,886,86882.0,0.005099,0.009678,0.048474,True,True,True,1311,86882.0,0.007545,0.014321,0.071726,True,True,True,,,
IBTQ,iBonds ETF,iShares iBonds Dec 2035 Term Treasury ETF,2035-12-15,12.6,True,UNVERIFIED (WInS name not recorded; IBTN in WInS is INSCORP Inc),iShares closing price 28 Sep (Nasdaq 23.6951),23.7,5.22,1.75,False,0.277731,5.127693,0.989743,0.934707,0.905794,0.857892,16986.844422,15386.577866,29434.542848,32495.854786,34310.311993,25,0.07,0.04,86882.0,91544.0,18278.0,2037,False,886,86882.0,0.005099,0.009678,0.048474,True,True,True,1311,86882.0,0.007545,0.014321,0.071726,True,True,True,,,
IBTR,iBonds ETF,iShares iBonds Dec 2036 Term Treasury ETF,2036-12-15,0.6,True,UNVERIFIED (WInS name not recorded; IBTN in WInS is INSCORP Inc),iShares closing price 28 Sep (Nasdaq 23.485),23.49,5.23,0.32,False,0.296695,5.14384,0.992372,0.947268,0.923485,0.885042,16969.242962,15670.846653,29465.074023,31906.380751,33292.289844,25,0.07,0.04,52804.0,33507.0,7639.0,2037,True,846,52804.0,0.008011,0.025248,0.110747,True,True,True,1252,52804.0,0.011855,0.037365,0.163896,True,True,True,,,
T 4.500% 15-Feb-2036,Treasury bond,,2036-02-15,10.5,True,"SEEN (WInS price recorded 28 Sep, tab Book L / premortem PM-04)",WInS 28 Sep clean + model accrued,102.95,4.117162,-110.928655,True,0.299475,4.116151,0.966624,0.921237,0.918735,0.877747,15715.071625,14437.981967,31816.590592,34630.87855,36248.001218,10,0.0,,,,,2037,False,,,,,,,,,,,,,,,,,912810FT0,4.5,26397.13
IBTR,iBonds ETF,iShares iBonds Dec 2036 Term Treasury ETF,2036-12-15,12.6,True,UNVERIFIED (WInS name not recorded; IBTN in WInS is INSCORP Inc),iShares closing price 28 Sep (Nasdaq 23.485),23.49,5.23,0.32,False,0.296695,5.14384,0.986127,0.923055,0.889782,0.835951,17965.765801,15985.612925,27830.709001,31278.125046,33292.289844,25,0.07,0.04,52804.0,33507.0,7639.0,2038,False,846,52804.0,0.008011,0.025248,0.110747,True,True,True,1252,52804.0,0.011855,0.037365,0.163896,True,True,True,,,
T 4.500% 15-Feb-2036,Treasury bond,,2036-02-15,22.5,True,"SEEN (WInS price recorded 28 Sep, tab Book L / premortem PM-04)",WInS 28 Sep clean + model accrued,102.95,4.117162,-110.928655,True,0.299475,4.116151,0.950949,0.888636,0.885205,0.829061,16637.942953,14727.984789,30051.791944,33948.975854,36248.001218,10,0.0,,,,,2038,False,,,,,,,,,,,,,,,,,912810FT0,4.5,26397.13
T 4.750% 15-Feb-2037,Treasury bond,,2037-02-15,10.5,True,"SEEN (WInS price recorded 28 Sep, tab Book L / premortem PM-04)",WInS 28 Sep clean + model accrued,97.152,5.106195,-15.269072,False,0.332777,5.104241,0.987309,0.93231,0.90455,0.858437,17866.423065,16161.06405,27985.456193,30938.55692,32600.47866,10,0.0,,,,,2038,True,,,,,,,,,,,,,,,,,912810PT9,4.75,16589.456
T 5.000% 15-May-2037,Treasury bond,,2037-05-15,7.6,True,UNVERIFIED (not seen in WInS; bond class suggests it may be listed),curve model (no WInS price),97.869882,5.263419,0.0,False,0.354839,5.26436,0.992591,0.936812,0.904991,0.859422,18086.42787,16368.054622,27645.038788,30547.30764,32167.00266,10,0.0,,,,,2038,False,,,,,,,,,,,,,,,,,912810PU6,5.0,21413.045
T 4.750% 15-Feb-2037,Treasury bond,,2037-02-15,22.5,True,"SEEN (WInS price recorded 28 Sep, tab Book L / premortem PM-04)",WInS 28 Sep clean + model accrued,97.152,5.106195,-15.269072,False,0.332777,5.104241,0.979725,0.907206,0.870655,0.810001,18934.798171,16485.67688,26406.407688,30329.358244,32600.47866,10,0.0,,,,,2039,False,,,,,,,,,,,,,,,,,912810PT9,4.75,16589.456
T 5.000% 15-May-2037,Treasury bond,,2037-05-15,19.6,True,UNVERIFIED (not seen in WInS; bond class suggests it may be listed),curve model (no WInS price),97.869882,5.263419,0.0,False,0.354839,5.26436,0.986504,0.913024,0.87108,0.81093,19167.958809,16696.825086,26085.19796,29945.812897,32167.00266,10,0.0,,,,,2039,False,,,,,,,,,,,,,,,,,912810PU6,5.0,21413.045
T 4.375% 15-Feb-2038,Treasury bond,,2038-02-15,10.5,True,"SEEN (WInS price recorded 28 Sep, tab Book L / premortem PM-04)",WInS 28 Sep clean + model accrued,99.98,4.376766,-92.109573,True,0.334719,4.375441,0.961514,0.904687,0.894806,0.845888,17680.82816,15820.911466,28279.218341,31603.741737,33431.383892,10,0.0,,,,,2039,False,,,,,,,,,,,,,,,,,912810PW2,4.375,22525.1487
T 4.500% 15-May-2038,Treasury bond,,2038-05-15,7.6,True,"SEEN (WInS price recorded 28 Sep, tab Book L / premortem PM-04)",WInS 28 Sep clean + model accrued,94.281,5.159421,-14.390965,False,0.350649,5.160495,0.986612,0.926964,0.895966,0.847938,18929.482626,16960.178304,26413.822812,29480.822138,31150.663467,10,0.0,,,,,2039,True,,,,,,,,,,,,,,,,,912810PX0,4.5,25500.1228
T 4.375% 15-Feb-2038,Treasury bond,,2038-02-15,22.5,True,"SEEN (WInS price recorded 28 Sep, tab Book L / premortem PM-04)",WInS 28 Sep clean + model accrued,99.98,4.376766,-92.109573,True,0.334719,4.375441,0.946363,0.873101,0.860366,0.797316,18757.94454,16138.691955,26655.372551,30981.445174,33431.383892,10,0.0,,,,,2040,False,,,,,,,,,,,,,,,,,912810PW2,4.375,22525.1487
T 4.500% 15-May-2038,Treasury bond,,2038-05-15,19.6,True,"SEEN (WInS price recorded 28 Sep, tab Book L / premortem PM-04)",WInS 28 Sep clean + model accrued,94.281,5.159421,-14.390965,False,0.350649,5.160495,0.978534,0.901549,0.861481,0.799248,20082.667059,17300.842227,24897.091534,28900.327132,31150.663467,10,0.0,,,,,2040,False,,,,,,,,,,,,,,,,,912810PX0,4.5,25500.1228
T 3.500% 15-Feb-2039,Treasury bond,,2039-02-15,10.5,True,UNVERIFIED (not seen in WInS; bond class suggests it may be listed),curve model (no WInS price),83.461569,5.342674,0.0,False,0.304348,5.34141,0.989214,0.927961,0.891424,0.842734,20335.671215,18127.695435,24587.336937,27582.105061,29175.668646,10,0.0,,,,,2040,False,,,,,,,,,,,,,,,,,912810QA9,3.5,25908.5693
T 4.250% 15-May-2039,Treasury bond,,2039-05-15,7.6,True,UNVERIFIED (not seen in WInS; bond class suggests it may be listed),curve model (no WInS price),90.051238,5.342604,0.0,False,0.355878,5.343851,0.989526,0.9235,0.884501,0.833247,20335.671215,17986.920474,24587.336937,27797.976909,29507.855226,10,0.0,,,,,2040,False,,,,,,,,,,,,,,,,,912810QB7,4.25,38778.773
T 4.500% 15-Aug-2039,Treasury bond,,2039-08-15,4.6,True,UNVERIFIED (not seen in WInS; bond class suggests it may be listed),curve model (no WInS price),92.147611,5.350892,0.0,False,0.369085,5.351048,0.990446,0.927166,0.889706,0.840927,20335.671215,18092.778736,24587.336937,27635.334919,29238.376787,10,0.0,,,,,2040,False,,,,,,,,,,,,,,,,,912810QC5,4.5,41430.5382
T 4.375% 15-Nov-2039,Treasury bond,,2039-11-15,1.5,True,"SEEN (WInS price recorded 28 Sep, tab Book L / premortem PM-04)",WInS 28 Sep clean + model accrued,91.363,5.295507,-6.608516,False,0.371316,5.29556,0.989586,0.928031,0.89333,0.846555,20208.013379,18052.421692,24742.659787,27697.11502,29227.457077,10,0.0,,,,,2040,True,,,,,,,,,,,,,,,,,912810QD3,4.375,44564.2491
T 3.500% 15-Feb-2039,Treasury bond,,2039-02-15,22.5,True,UNVERIFIED (not seen in WInS; bond class suggests it may be listed),curve model (no WInS price),83.461569,5.342674,0.0,False,0.304348,5.34141,0.981735,0.903056,0.856068,0.793331,21602.044417,18492.817784,23145.957408,27037.523747,29175.668646,10,0.0,,,,,2041,False,,,,,,,,,,,,,,,,,912810QA9,3.5,25908.5693
T 4.250% 15-May-2039,Treasury bond,,2039-05-15,19.6,True,UNVERIFIED (not seen in WInS; bond class suggests it may be listed),curve model (no WInS price),90.051238,5.342604,0.0,False,0.355878,5.343851,0.982068,0.898736,0.84942,0.7844,21602.044417,18349.207378,23145.957408,27249.13342,29507.855226,10,0.0,,,,,2041,False,,,,,,,,,,,,,,,,,912810QB7,4.25,38778.773
T 4.500% 15-Aug-2039,Treasury bond,,2039-08-15,16.6,True,UNVERIFIED (not seen in WInS; bond class suggests it may be listed),curve model (no WInS price),92.147611,5.350892,0.0,False,0.369085,5.351048,0.98305,0.902368,0.854419,0.791629,21602.044417,18457.197804,23145.957408,27089.702635,29238.376787,10,0.0,,,,,2041,False,,,,,,,,,,,,,,,,,912810QC5,4.5,41430.5382
T 4.375% 15-Nov-2039,Treasury bond,,2039-11-15,13.6,True,"SEEN (WInS price recorded 28 Sep, tab Book L / premortem PM-04)",WInS 28 Sep clean + model accrued,91.363,5.295507,-6.608516,False,0.371316,5.29556,0.981664,0.902716,0.857899,0.796928,21466.436882,18416.027902,23292.174791,27150.262949,29227.457077,10,0.0,,,,,2041,False,,,,,,,,,,,,,,,,,912810QD3,4.375,44564.2491
T 4.625% 15-Feb-2040,Treasury bond,,2040-02-15,10.5,True,UNVERIFIED (not seen in WInS; bond class suggests it may be listed),curve model (no WInS price),92.951511,5.369644,0.0,False,0.384379,5.368674,0.985459,0.908717,0.862901,0.80419,21602.044417,18640.43188,23145.957408,26823.412848,28781.68522,10,0.0,,,,,2041,False,,,,,,,,,,,,,,,,,912810QE1,4.625,44902.4903
T 1.125% 15-May-2040,Treasury bond,,2040-05-15,7.6,True,UNVERIFIED (not seen in WInS; bond class suggests it may be listed),curve model (no WInS price),58.969156,5.422078,0.0,False,0.136069,5.422645,0.992873,0.955647,0.932058,0.902298,21602.044417,20134.368121,23145.957408,24833.160743,25652.232083,10,0.0,,,,,2041,False,,,,,,,,,,,,,,,,,912810SR0,1.125,55391.6391
T 4.375% 15-May-2040,Treasury bond,,2040-05-15,7.6,True,UNVERIFIED (not seen in WInS; bond class suggests it may be listed),curve model (no WInS price),90.375291,5.379839,0.0,False,0.379845,5.380395,0.987065,0.912377,0.867735,0.811436,21602.044417,18744.859381,23145.957408,26673.979775,28524.694175,10,0.0,,,,,2041,False,,,,,,,,,,,,,,,,,912810QH4,4.375,43473.0444
T 1.125% 15-Aug-2040,Treasury bond,,2040-08-15,4.6,True,UNVERIFIED (not seen in WInS; bond class suggests it may be listed),curve model (no WInS price),58.375685,5.434161,0.0,False,0.136069,5.433885,0.994424,0.961848,0.941263,0.915787,21602.044417,20333.196316,23145.957408,24590.329638,25274.382654,10,0.0,,,,,2041,False,,,,,,,,,,,,,,,,,912810SQ2,1.125,75488.7494
T 3.875% 15-Aug-2040,Treasury bond,,2040-08-15,4.6,True,UNVERIFIED (not seen in WInS; bond class suggests it may be listed),curve model (no WInS price),85.270847,5.395796,0.0,False,0.351702,5.395361,0.989119,0.922757,0.882719,0.832868,21602.044417,19068.543629,23145.957408,26221.194955,27790.652189,10,0.0,,,,,2041,False,,,,,,,,,,,,,,,,,912810QK7,3.875,43213.3168
T 1.375% 15-Nov-2040,Treasury bond,,2040-11-15,1.5,True,UNVERIFIED (not seen in WInS; bond class suggests it may be listed),curve model (no WInS price),60.263761,5.441541,0.0,False,0.166232,5.440783,0.995377,0.960764,0.939321,0.913602,21602.044417,20291.253202,23145.957408,24641.159174,25334.825918,10,0.0,,,,,2041,False,,,,,,,,,,,,,,,,,912810ST6,1.375,83255.9695
T 4.250% 15-Nov-2040,Treasury bond,,2040-11-15,1.5,True,"SEEN (WInS price recorded 28 Sep, tab Book L / premortem PM-04)",WInS 28 Sep clean + model accrued,89.186,5.349841,-5.144986,False,0.381284,5.349327,0.987922,0.919205,0.879437,0.828679,21490.36188,18899.419018,23266.243853,26455.839702,28076.303843,10,0.0,,,,,2041,True,,,,,,,,,,,,,,,,,912810QL5,4.25,42903.1887
T 4.625% 15-Feb-2040,Treasury bond,,2040-02-15,22.5,True,UNVERIFIED (not seen in WInS; bond class suggests it may be listed),curve model (no WInS price),92.951511,5.369644,0.0,False,0.384379,5.368674,0.977148,0.883601,0.827803,0.75629,22970.245822,19014.845553,21767.289905,26295.243819,28781.68522,10,0.0,,,,,2042,False,,,,,,,,,,,,,,,,,912810QE1,4.625,44902.4903
T 1.125% 15-May-2040,Treasury bond,,2040-05-15,19.6,True,UNVERIFIED (not seen in WInS; bond class suggests it may be listed),curve model (no WInS price),58.969156,5.422078,0.0,False,0.136069,5.422645,0.985017,0.929727,0.894148,0.848553,22970.245822,20538.789154,21767.289905,24344.180967,25652.232083,10,0.0,,,,,2042,False,,,,,,,,,,,,,,,,,912810SR0,1.125,55391.6391
T 4.375% 15-May-2040,Treasury bond,,2040-05-15,19.6,True,UNVERIFIED (not seen in WInS; bond class suggests it may be listed),curve model (no WInS price),90.375291,5.379839,0.0,False,0.379845,5.380395,0.978852,0.887262,0.832441,0.763103,22970.245822,19121.370595,21767.289905,26148.753172,28524.694175,10,0.0,,,,,2042,False,,,,,,,,,,,,,,,,,912810QH4,4.375,43473.0444
T 1.125% 15-Aug-2040,Treasury bond,,2040-08-15,16.6,True,UNVERIFIED (not seen in WInS; bond class suggests it may be listed),curve model (no WInS price),58.375685,5.434161,0.0,False,0.136069,5.433885,0.986663,0.935863,0.902977,0.861239,22970.245822,20741.611033,21767.289905,24106.131351,25274.382654,10,0.0,,,,,2042,False,,,,,,,,,,,,,,,,,912810SQ2,1.125,75488.7494
T 3.875% 15-Aug-2040,Treasury bond,,2040-08-15,16.6,True,UNVERIFIED (not seen in WInS; bond class suggests it may be listed),curve model (no WInS price),85.270847,5.395796,0.0,False,0.351702,5.395361,0.981032,0.897488,0.846815,0.783259,22970.245822,19451.5564,21767.289905,25704.883955,27790.652189,10,0.0,,,,,2042,False,,,,,,,,,,,,,,,,,912810QK7,3.875,43213.3168
T 1.375% 15-Nov-2040,Treasury bond,,2040-11-15,13.5,True,UNVERIFIED (not seen in WInS; bond class suggests it may be listed),curve model (no WInS price),60.263761,5.441541,0.0,False,0.166232,5.440783,0.987675,0.934871,0.901115,0.859185,22970.245822,20698.825445,21767.289905,24155.960024,25334.825918,10,0.0,,,,,2042,False,,,,,,,,,,,,,,,,,912810ST6,1.375,83255.9695
T 4.250% 15-Nov-2040,Treasury bond,,2040-11-15,13.5,True,"SEEN (WInS price recorded 28 Sep, tab Book L / premortem PM-04)",WInS 28 Sep clean + model accrued,89.186,5.349841,-5.144986,False,0.381284,5.349327,0.979406,0.893629,0.843666,0.77932,22851.489686,19279.034733,21880.4116,25934.908408,28076.303843,10,0.0,,,,,2042,False,,,,,,,,,,,,,,,,,912810QL5,4.25,42903.1887
T 1.875% 15-Feb-2041,Treasury bond,,2041-02-15,10.5,True,UNVERIFIED (not seen in WInS; bond class suggests it may be listed),curve model (no WInS price),64.714537,5.444816,0.0,False,0.213759,5.443263,0.988039,0.931706,0.89613,0.852658,22970.245822,20584.316924,21767.289905,24290.337243,25528.73585,10,0.0,,,,,2042,False,,,,,,,,,,,,,,,,,912810SW9,1.875,82499.0878
T 4.750% 15-Feb-2041,Treasury bond,,2041-02-15,10.5,True,UNVERIFIED (not seen in WInS; bond class suggests it may be listed),curve model (no WInS price),93.492683,5.406191,0.0,False,0.407846,5.404722,0.982397,0.89681,0.845162,0.781613,22970.245822,19413.583405,21767.289905,25755.162743,27849.18352,10,0.0,,,,,2042,False,,,,,,,,,,,,,,,,,912810QN1,4.75,43004.9451
T 2.250% 15-May-2041,Treasury bond,,2041-05-15,7.6,True,UNVERIFIED (not seen in WInS; bond class suggests it may be listed),curve model (no WInS price),68.043393,5.446756,0.0,False,0.252336,5.447491,0.98866,0.928238,0.890565,0.845409,22970.245822,20456.502751,21767.289905,24442.105578,25747.631524,10,0.0,,,,,2042,False,,,,,,,,,,,,,,,,,912810SY5,2.25,75464.8406
T 4.375% 15-May-2041,Treasury bond,,2041-05-15,7.6,True,UNVERIFIED (not seen in WInS; bond class suggests it may be listed),curve model (no WInS price),89.554848,5.417432,0.0,False,0.396226,5.418125,0.984355,0.901567,0.851479,0.790861,22970.245822,19558.689962,21767.289905,25564.084352,27523.530754,10,0.0,,,,,2042,False,,,,,,,,,,,,,,,,,912810QQ4,4.375,41995.5073
T 1.750% 15-Aug-2041,Treasury bond,,2041-08-15,4.6,True,UNVERIFIED (not seen in WInS; bond class suggests it may be listed),curve model (no WInS price),62.47859,5.467021,0.0,False,0.207921,5.466921,0.991517,0.943194,0.912719,0.876764,22970.245822,20965.384008,21767.289905,23848.835767,24826.863169,10,0.0,,,,,2042,False,,,,,,,,,,,,,,,,,912810TA6,1.75,78069.7416
T 3.750% 15-Aug-2041,Treasury bond,,2041-08-15,4.6,True,UNVERIFIED (not seen in WInS; bond class suggests it may be listed),curve model (no WInS price),82.943884,5.435856,0.0,False,0.36,5.43561,0.986916,0.913807,0.869079,0.815697,22970.245822,19962.969046,21767.289905,25046.374558,26685.521283,10,0.0,,,,,2042,False,,,,,,,,,,,,,,,,,912810QS0,3.75,42488.8374
T 2.000% 15-Nov-2041,Treasury bond,,2041-11-15,1.5,True,UNVERIFIED (not seen in WInS; bond class suggests it may be listed),curve model (no WInS price),64.568437,5.473701,0.0,False,0.236641,5.473269,0.992453,0.941518,0.90981,0.873257,22970.245822,20898.551089,21767.289905,23925.103605,24926.552456,10,0.0,,,,,2042,False,,,,,,,,,,,,,,,,,912810TC2,2.0,68488.6658
T 3.125% 15-Nov-2041,Treasury bond,,2041-11-15,1.5,True,"SEEN (WInS price recorded 28 Sep, tab Book L / premortem PM-04)",WInS 28 Sep clean + model accrued,76.367,5.435967,-1.888112,False,0.326316,5.435612,0.989,0.922859,0.882756,0.835352,22921.858751,20234.414784,21813.239731,24710.376126,26112.637071,10,0.0,,,,,2042,True,,,,,,,,,,,,,,,,,912810QT8,3.125,44622.4439
