key,what,primary,blind,diff,tolerance,verdict,decision_relevant,note
laura.rates.gap_odds_2027,"HEADLINE P(cost > $300k on 1 Jan 2027), median E1-E5",0.32662,0.32662,0.0,2pp,MATCH,True,
gap_odds_range_min,E2 similar-level history (range low end),0.266737325560855,0.266737325560855,0.0,2pp,MATCH,True,
E2 90% bootstrap low,"moving-block bootstrap, 1,000 reps",0.2156774421480304,0.21849496555378908,0.002817523405758693,2pp,WITHIN TOL,False,rng seeding differs (see P3)
E2 90% bootstrap high,,0.3315845257021728,0.32732732732732733,-0.00425719837484545,2pp,WITHIN TOL,False,rng seeding differs (see P3)
gap_odds_range_max,E1 history rescaled (range high end),0.3316304005045727,0.3316304005045727,0.0,2pp,MATCH,True,
E1 90% bootstrap low,,0.29831598864711445,0.29831598864711445,0.0,2pp,MATCH,False,
E1 90% bootstrap high,,0.36664143803216653,0.36664143803216653,0.0,2pp,MATCH,False,
E3_vasicek_1962,"E3 Vasicek AR(1), parameter uncertainty",0.32694,0.32694,0.0,2pp,MATCH,True,same seed and draw order -> identical draws
E3 plug-in (OLS),,0.31647680809923506,0.3164768081078972,8.662126571579165e-12,2pp,MATCH,False,
E3 plug-in (bias-corrected),,0.327315173391981,0.32731517340058186,8.600842260619856e-12,2pp,MATCH,False,
E3 share of draws at phi = 1,,0.49353,0.49353,0.0,2pp,MATCH,False,
E4_pca_var_1990,E4 PCA + VAR(1),0.32206,0.32201,-4.999999999999449e-05,2pp,WITHIN TOL,True,different normal samplers -> Monte Carlo noise (see P2)
E4 PCA share 1,,0.7826150478069658,0.7826150478069664,6.661338147750939e-16,0.5pt,MATCH,False,
E4 PCA share 2,,0.12364013054379623,0.12364013054379401,-2.220446049250313e-15,0.5pt,MATCH,False,
E4 PCA share 3,,0.05054794662998062,0.05054794662998172,1.1032841307212493e-15,0.5pt,MATCH,False,
E4 without mean reversion,E4-RW sensitivity,0.30886,0.31023,0.0013699999999999823,2pp,WITHIN TOL,False,Monte Carlo noise
E5_move_calibrated,E5 MOVE-calibrated,0.32662,0.32662,0.0,2pp,MATCH,True,same seed -> identical draws; closed form 32.69%
MOVE on 28 Sep,,101.82,101.82,0.0,exact,MATCH,False,
rho = median RV / MOVE,,0.9895187030784599,0.9895187030784705,1.0547118733938987e-14,2%,MATCH,False,
E5 with MOVE 63-day average,sensitivity,0.27431,0.27431,0.0,2pp,MATCH,False,
cost_2027_yields_unchanged,"Cost_RW(R), 1 Jan 2027",293401.1354685901,293401.1354685901,0.0,$1,MATCH,True,
"Cost_FWD(R) (numbers.yaml $292,418.11)",,292418.1118007425,292418.11180074257,5.820766091346741e-11,$1,MATCH,True,
breakeven_fall_bp_yields_unchanged,RW break-even parallel fall,22.775565730131103,22.775565728909466,-1.2216361255923402e-09,0.01bp,MATCH,True,
FWD break-even (numbers.yaml 26.2bp),,26.196344557768153,26.196344556462236,-1.3059171521945245e-09,0.01bp,MATCH,True,
recon_R1_insight_v1_25sep,"D1 [6] lognormal, 25 Sep (blind spec reading)",0.30521039926367666,0.3022675713089712,-0.0029428279547054625,2pp,WITHIN TOL,False,valuation-date convention (C1)
"R1, blind same convention as primary",each row's curve valued on its own date,0.30521039926367666,0.3052103992636799,3.219646771412954e-15,2pp,MATCH,False,
recon_R2_D1_28sep,"D1 [6] lognormal, 28 Sep (blind spec reading)",0.24209109582693666,0.23843238145298795,-0.0036587143739487127,2pp,WITHIN TOL,False,valuation-date convention (C1)
"R2, blind same convention as primary",,0.24209109582693666,0.24209109582694044,3.774758283725532e-15,2pp,MATCH,False,
recon_R5_no_view_centre_2026_vol,R2 with yields-unchanged centre (blind spec reading),0.2716368239728152,0.26825792549202254,-0.003378898480792647,2pp,WITHIN TOL,False,valuation-date convention (C1)
"R5, blind same convention as primary",,0.2716368239728152,0.27163682397281874,3.552713678800501e-15,2pp,MATCH,False,
recon_AX1b_26bp_since1962,DGS10 fell >= 26bp in 68 trading days (blind <=),0.275527950310559,0.2783229813664596,0.002795031055900621,2pp,WITHIN TOL,False,float ties at exactly -26bp (C2)
AX1b 26bp since 1990,DGS10 fell >= 26bp in 68 trading days (blind <=),0.3106019076855608,0.313671746519022,0.003069838833461236,2pp,WITHIN TOL,False,float ties at exactly -26bp (C2)
AX1b 26bp since 2000,DGS10 fell >= 26bp in 68 trading days (blind <=),0.28543366576004836,0.2884557268056815,0.0030220610456331287,2pp,WITHIN TOL,False,float ties at exactly -26bp (C2)
AX1b 19bp since 1962,(25 Sep headroom; H5 history 32-36%),0.3179503105590062,0.32167701863354037,0.0037267080745341796,2pp,WITHIN TOL,False,float ties (C2)
AX1b 19bp since 1990,(25 Sep headroom; H5 history 32-36%),0.36114461133647624,0.36531082118188796,0.004166209845411717,2pp,WITHIN TOL,False,float ties (C2)
AX1b 19bp since 2000,(25 Sep headroom; H5 history 32-36%),0.34043517679057117,0.34466606225445756,0.004230885463886391,2pp,WITHIN TOL,False,float ties (C2)
m2_on_25sep_curve,M2 headline rerun on the 25 Sep curve,0.37899,0.37899,0.0,2pp,MATCH,False,both builds rerun here
25 Sep E1,,0.3820579143271718,0.3820579143271718,0.0,2pp,MATCH,False,
25 Sep E2,,0.31624535973130635,0.31624535973130635,0.0,2pp,MATCH,False,
25 Sep E3,,0.37899,0.37899,0.0,2pp,MATCH,False,
25 Sep E4,,0.38189,0.38068,-0.0012099999999999889,2pp,WITHIN TOL,False,
25 Sep E5,,0.37041,0.37041,0.0,2pp,MATCH,False,
gap_if_any_typical,median over E1-E5 of mean gap given a gap,10010.342973287308,10010.342973287492,1.837179297581315e-10,"min(2%, $500) = $200",MATCH,True,
median gap p95,,18213.29268027019,18213.292680270428,2.3646862246096134e-10,"min(2%, $500) = $364",MATCH,True,
E4 mean gap given a gap,only MC-noisy per-estimator dollar row,8802.219899402897,8770.588180503808,-31.63171889908881,"min(2%, $500) = $176",WITHIN TOL,False,
E4 gap p95,,16022.345541170233,15955.455980176986,-66.88956099324605,"min(2%, $500) = $320",WITHIN TOL,False,
E4 cost p50,,294050.84907342243,293959.44497821137,-91.4040952110663,"min(2%, $500) = $500",WITHIN TOL,False,
P_whole_payment_waits_max,max over E1-E5 of P(gap > own 2033 rung),0.0027120782087669505,0.0027120782087669505,0.0,2pp,MATCH,True,
2028 fund median H-FHS,"stock fund p50 on 1 Jan 2028, H-FHS",37908.00520350752,37908.00520350781,2.9103830456733704e-10,"min(2%, $500) = $500",MATCH,True,
stock_fund_2028_median,"stock fund p50 on 1 Jan 2028, H-LVL",40967.92308797649,40967.92308797649,0.0,"min(2%, $500) = $500",MATCH,True,
2028 fund median H-RAW,"stock fund p50 on 1 Jan 2028, H-RAW",41366.28024614179,41366.28024614173,-5.820766091346741e-11,"min(2%, $500) = $500",MATCH,True,
2028 fund p5 H-FHS,,1410.3212473485507,1410.3212473484227,-1.2801137927453965e-10,"min(2%, $500) = $28",MATCH,False,
2028 fund p5 H-LVL,,10339.185929242598,10339.185929242598,0.0,"min(2%, $500) = $207",MATCH,False,
2028 fund p5 H-RAW,,1595.6026868606193,1595.6026868606166,-2.7284841053187847e-12,"min(2%, $500) = $32",MATCH,False,
"2028 fund base, FWD (numbers.yaml $40,736)",,40736.193940603174,40736.193940603116,-5.820766091346741e-11,$1,MATCH,True,
"2028 floor base (numbers.yaml $117,194)",,117193.70292700024,117193.70292700024,0.0,$1,MATCH,True,
"2028 fund base, RW",,39708.0494864014,39708.0494864014,0.0,$1,MATCH,False,
P_stock_fund_below_20k_2028,median over the three variants of P(fund < $20k),0.16840756167894905,0.16840756167894905,0.0,2pp,MATCH,True,
P(fund < $20k) H-FHS,,0.20044857417494394,0.20044857417494394,0.0,2pp,MATCH,False,
P(no fund) H-FHS,,0.041973726369753286,0.041973726369753286,0.0,2pp,MATCH,False,
P(top-up) H-FHS,,0.3339955142582506,0.3339955142582506,0.0,2pp,MATCH,False,
P(fund < $20k) H-LVL,,0.12333825701624815,0.12333825701624815,0.0,2pp,MATCH,False,
P(no fund) H-LVL,,0.0075701624815361895,0.0075701624815361895,0.0,2pp,MATCH,False,
P(top-up) H-LVL,,0.27197193500738553,0.27197193500738553,0.0,2pp,MATCH,False,
P(fund < $20k) H-RAW,,0.16840756167894905,0.16840756167894905,0.0,2pp,MATCH,False,
P(no fund) H-RAW,,0.045177827619352774,0.045177827619352774,0.0,2pp,MATCH,False,
P(top-up) H-RAW,,0.29842999038769624,0.29842999038769624,0.0,2pp,MATCH,False,
"H13 fund -50bp, 5y unchanged",,25418.612337497878,25418.612337497878,0.0,$1,MATCH,True,
"H13 fund -50bp, 5y also lower",,22589.61695706725,22589.61695706725,0.0,$1,MATCH,True,
H13 top-up Jan 2028 -50bp,,7387.684735501869,7387.684735501869,0.0,$1,MATCH,False,
"H13 fund -100bp, 5y unchanged",,9366.057426210813,9366.057426210871,5.820766091346741e-11,$1,MATCH,True,
H13_fund_minus100bp_low,,3625.721170105753,3625.7211701058113,5.820766091346741e-11,$1,MATCH,True,
H13 top-up Jan 2028 -100bp,,23440.239646788945,23440.239646788883,-6.184563972055912e-11,$1,MATCH,False,
"H13 fund -150bp, 5y unchanged",,0.0,0.0,0.0,$1,MATCH,True,
"H13 floor face -150bp, 5y unchanged",,140469.4926649478,140469.4926649478,0.0,$1,MATCH,True,
"H13 fund -150bp, 5y also lower",,0.0,0.0,0.0,$1,MATCH,True,
"H13 floor face -150bp, 5y also lower",,130723.97353209906,130723.97353209906,0.0,$1,MATCH,True,
H13 top-up Jan 2028 -150bp,,40252.40004211781,40252.40004211781,0.0,$1,MATCH,False,
H14_unfunded_2033_minus50bp,"no 2028 deposit, -50bp",9281.45116730519,9281.45116730519,0.0,$1,MATCH,True,
H14 -100bp,,28752.600684895573,28752.600684895497,-7.639755494892597e-11,$1,MATCH,True,
vasicek_theta_1962_vs_2000,"long-run level, %",6.189903375782493,6.189903375773582,-8.911094084851356e-12,5bp,MATCH,False,
Vasicek kappa_bc 1962+,per year,0.0007172947406844282,0.0007172947409082498,2.2382161228573505e-13,0.02/yr,MATCH,False,
ADF p-value 1962+,,0.42011082822685086,0.4201108282268502,-6.661338147750939e-16,2pp,MATCH,False,
Vasicek theta 1990+,"long-run level, %",3.905416915297176,3.9054169152951235,-2.0525803279269894e-12,5bp,MATCH,False,
Vasicek kappa_bc 1990+,per year,0.04836355834438924,0.04836355834447319,8.394673844946965e-14,0.02/yr,MATCH,False,
ADF p-value 1990+,,0.19161759569114256,0.19161759569114134,-1.2212453270876722e-15,2pp,MATCH,False,
Vasicek theta 2000+,"long-run level, %",3.294808628025001,3.2948086280241724,-8.286704655802168e-13,5bp,MATCH,False,
Vasicek kappa_bc 2000+,per year,0.17625667715958554,0.17625667715969753,1.1199374760906267e-13,0.02/yr,MATCH,False,
ADF p-value 2000+,,0.16086573110671992,0.16086573110672403,4.107825191113079e-15,2pp,MATCH,False,
ewma_vol_today,"EWMA ladder-yield vol at D, bp/yr",81.2050152716812,81.2050152716805,-7.105427357601002e-13,2%,MATCH,False,
"1962-2026 vol (E3 residual sd), bp/yr",,101.1068593581012,101.10685935810086,-3.410605131648481e-13,2%,MATCH,False,
"E5 horizon sd sigma_h, bp",,50.77463575965404,50.77463575965458,5.400124791776761e-13,2%,MATCH,False,
"E1, purchase Mon 4 Jan 2027",sensitivity,0.3372445117335352,0.3372445117335352,0.0,2pp,MATCH,False,
sensitivity_purchase_4jan2027_median,"median E1-E5, purchase 4 Jan; primary code rerun at the spec's n_h = 65",0.33067,0.3308,0.00012999999999996348,2pp,WITHIN TOL,False,primary rerun via primary_4jan_variant.py
"4 Jan median, primary at strict n_h = 64",1 Jan 2027 is a holiday: spec erratum,0.32952,0.3308,0.0012800000000000034,2pp,WITHIN TOL,False,n_h 64 vs 65 (spec erratum)
4 Jan E2 (n_h = 65),,0.27235772357723576,0.27235772357723576,0.0,2pp,MATCH,False,
4 Jan E3 (n_h = 65),,0.33154,0.33154,0.0,2pp,MATCH,False,
4 Jan E4 (n_h = 65),,0.32713,0.32681,-0.00031999999999998696,2pp,WITHIN TOL,False,Monte Carlo noise (samplers)
4 Jan E5 (n_h = 65),,0.33067,0.3308,0.00012999999999996348,2pp,WITHIN TOL,False,rho over 98-day vs 95-day windows
4 Jan Cost_RW(R),,293536.87798497296,293536.8779849729,-5.820766091346741e-11,$1,MATCH,False,
4 Jan RW break-even,,22.321191442173717,22.321191440977746,-1.1959713219766854e-09,0.01bp,MATCH,False,
pv_today_R_usd,"PV of the ten payments on 28 Sep (numbers.yaml Gate A $289,119.20)",289119.20364983607,289119.2036498361,5.820766091346741e-11,$1,MATCH,True,"primary value from its own rungs_rw(R, D)"
"2033 rung cost at R, 1 Jan 2027, yields unchanged",threshold for 'a whole payment waits',37166.345892302656,37166.345892302656,0.0,$1,MATCH,False,
ladder yield today,percent,5.328944902355116,5.328944902355138,2.220446049250313e-14,0.01bp,MATCH,False,
d ladder yield / d parallel shift,,1.0075057661568465,1.0075057661573794,5.329070518200751e-13,2%,MATCH,False,
median P(gap > $10k),median over E1-E5,0.13372,0.13372,0.0,2pp,MATCH,False,
"R3 strategy_mc_v2 (a), 25 Sep, analytic",insight_v1 printed 30.2% (Monte Carlo),0.300851627737351,0.30085162774829644,1.0945411244023262e-11,2pp,MATCH,False,
R3' same on 28 Sep,,0.23946973725542947,0.2394697372663886,1.0959122498377383e-11,2pp,MATCH,False,
E1 windows (95-day),count,15855,15855,0,exact,MATCH,False,
E1 non-overlapping windows,count,247,247,0,exact,MATCH,False,
E2 windows (10y 4.0-6.5%),count,5661,5661,0,exact,MATCH,False,
15-month windows,count,15605,15605,0,exact,MATCH,False,
2028 mean top-up if any H-FHS,,11155.344989020665,11155.34498902059,-7.457856554538012e-11,"min(2%, $500) = $223",MATCH,False,
2028 mean top-up if any H-LVL,,8423.149749500324,8423.149749500324,0.0,"min(2%, $500) = $168",MATCH,False,
2028 mean top-up if any H-RAW,,13431.215624012353,13431.215624012355,1.8189894035458565e-12,"min(2%, $500) = $269",MATCH,False,
