"","Team Caplet WInS portfolio Laura's plan on 2 Jan 2028, after both deposits, scaled to WInS's $300,000 starting cash. Provisional until the team votes on 1 Oct 2026. Blue = input you can change. Green = pulled from another tab. Black = formula. Units held and cash update from the Trade Log tab. Key numbers Portfolio value","Cash","Return since start","Trades used","Trades left","Commissions paid","Trades outside the plan","","","","","","","","","","","","","","","","","",""
"","$300,000","$300,000","-","-","200","-","-","","","","","","","","","","","","","","","","","",""
"","Plan split","","","","","","","","","","","","","","","","","","","","","","","",""
"","Payment ladder","65.9%","Share of Laura's money on 2 Jan 2028","","","$300,000","","","","","","","","","","","","","","","","","","",""
"","Facility floor","24.3%","25.3% in the plan; 1 point kept as WInS cash","","","$25","","","","","","","","","","","","","","","","","","",""
"","Stock fund","8.7%","Share of Laura's money on 2 Jan 2028","","","$10","","","","","","","","","","","","","","","","","","",""
"","Cash","1.1%","For commissions and rounding","","","200","","","","","","","","","","","","","","","","","","",""
"","","","","","","200%","","","","","","","","","","","","","","","","","","",""
"","","","","","","300","","","","","","","","","","","","","","","","","","",""
"","Holdings","","","","","","","","","","","","","","","","","","","","","","","",""
"","Holding","Job","Type","","","","","","","","","Status","","","","","","","","","","","","",""
"","IBTM","Jan 2033 payment + facility floor","ETF","32.5%","$97,590","$21.75","4,486","-","-","-","(32.5%)","Listed in WInS; vote pending","","","","","","","","","","","","",""
"","IBTO","Jan 2034 payment","ETF","7.8%","$23,396","$23.01","1,016","-","-","-","(7.8%)","Listed in WInS; vote pending","","","","","","","","","","","","",""
"","IBTP","Jan 2035 payment","ETF","7.4%","$22,178","$24.07","921","-","-","-","(7.4%)","Listed in WInS; vote pending","","","","","","","","","","","","",""
"","IBTQ","Jan 2036 payment","ETF","7.0%","$20,992","$23.67","886","-","-","-","(7.0%)","Listed in WInS; vote pending","","","","","","","","","","","","",""
"","IBTR","Jan 2037 payment","ETF","6.6%","$19,861","$23.45","846","-","-","-","(6.6%)","Listed in WInS; vote pending","","","","","","","","","","","","",""
"","T 4.750% 15-Feb-2037","Jan 2038 payment","Treasury bond","6.6%","$19,830","97.712","20,000","-","-","-","(6.6%)","Price checked (-8bp); vote pending","","","","","","","","","","","","",""
"","T 4.500% 15-May-2038","Jan 2039 payment","Treasury bond","6.2%","$18,600","94.811","19,000","-","-","-","(6.2%)","Price checked (+6bp); vote pending","","","","","","","","","","","","",""
"","T 4.375% 15-Nov-2039","Jan 2040 payment","Treasury bond","5.7%","$16,981","92.969","18,000","-","-","-","(5.7%)","Price checked (+13bp); vote pending","","","","","","","","","","","","",""
"","T 4.250% 15-Nov-2040","Jan 2041 payment","Treasury bond","5.3%","$15,963","90.758","17,000","-","-","-","(5.3%)","Price checked (+14bp); vote pending","","","","","","","","","","","","",""
"","T 3.125% 15-Nov-2041","Jan 2042 payment","Treasury bond","5.1%","$15,209","77.523","19,000","-","-","-","(5.1%)","Price checked (+15bp); vote pending","","","","","","","","","","","","",""
"","VT","Growth: world stock fund","ETF","8.7%","$26,100","$158.54","164","-","-","-","(8.7%)","Listed in WInS; vote pending","","","","","","","","","","","","",""
"","Cash","Commissions and rounding","Cash","1.1%","$3,300","","","","$300,000","100.0%","98.9%","Keep at least $1,000","","","","","","","","","","","","",""
"","Total","","","100.0%","$300,000","","","","$300,000","100.0%","","","","","","","","","","","","","","",""