output,input,S1,S1_conf95,ST,ST_conf95
median_top2031,X1 mu_c,0.002687792348331977,0.002475064846042965,0.0032137141853058587,0.00019045566758742698
median_top2031,X2 sd_log,-1.6831992342098217e-06,8.960066716537218e-05,3.674626956180478e-06,2.4500021127532976e-07
median_top2031,X3 inv_nu,9.356788508852269e-06,4.3555199490457735e-05,8.516217720214664e-07,5.564770515319948e-08
median_top2031,X4 d,0.8975512018096332,0.034068512059818416,0.8981080897383826,0.028752545272420982
median_top2031,X5 e,0.06691736752300144,0.010379822548518795,0.067063098301599,0.004104285119840478
median_top2031,X6 fee,0.03278972990873364,0.00804884866225019,0.03280055881507975,0.0018236458958957166
p5_top2031,X1 mu_c,0.001723921761151216,0.0020253125936365453,0.002097062386976881,0.00013549090906255314
p5_top2031,X2 sd_log,0.0074786118596859765,0.004152418682087347,0.00865666354095365,0.0006451365796083972
p5_top2031,X3 inv_nu,0.00013883775092888255,0.0007932082023223369,0.0002825918432832091,2.567729671138917e-05
p5_top2031,X4 d,0.9152528135291227,0.037748076822995094,0.9168219645919838,0.028470757981185472
p5_top2031,X5 e,0.044446979488056995,0.008296871376750612,0.04496744507471504,0.0029652886863136317
p5_top2031,X6 fee,0.029602363373197337,0.007836674487921778,0.029822197294022308,0.001774417456896212
