input,S1,S1_conf95,ST,ST_conf95,kind,n_samples,Y_median,Y_p5
X1 mu_c,0.0023002796626788048,0.0011092718619488263,0.002866523559749408,9.365425120693867e-05,assumption,180224,168355.79346156528,142800.4891361342
X2 sd_log,0.0003092040460250455,0.0014742952721702321,0.006111824917054411,0.0006501150292073573,assumption,180224,168355.79346156528,142800.4891361342
X3 inv_nu,-0.00012715613768281983,0.0008764784306948783,0.0019844531391332737,0.00030483915328841934,assumption,180224,168355.79346156528,142800.4891361342
X4 d,0.7072216137359987,0.020777345795916693,0.7307237668040034,0.016167634533313806,assumption,180224,168355.79346156528,142800.4891361342
X5 e,0.05425324588088731,0.004359739419145132,0.059107831501932245,0.0017322167189432087,assumption,180224,168355.79346156528,142800.4891361342
X6 fee,0.025159098871012562,0.0037446978784566472,0.026739843849643924,0.0006641049513602278,assumption,180224,168355.79346156528,142800.4891361342
u1,0.06308524244932605,0.00595918636569172,0.07906919224098315,0.003860723005454425,luck,180224,168355.79346156528,142800.4891361342
u2,0.05526504451556038,0.006759570238973223,0.07203729721662776,0.0031088744146639032,luck,180224,168355.79346156528,142800.4891361342
u3,0.051023870325323725,0.007455384439975332,0.06606141861774854,0.00341996721458597,luck,180224,168355.79346156528,142800.4891361342
