year,date,basis,1 Mo,2 Mo,3 Mo,6 Mo,1 Yr,2 Yr,3 Yr,5 Yr,7 Yr,10 Yr,20 Yr,30 Yr
1871,1871-01 (monthly avg),flat_shiller_gs10,,,,,,,,,,5.3200,,
1872,1872-01 (monthly avg),flat_shiller_gs10,,,,,,,,,,5.3600,,
1873,1873-01 (monthly avg),flat_shiller_gs10,,,,,,,,,,5.5800,,
1874,1874-01 (monthly avg),flat_shiller_gs10,,,,,,,,,,5.4700,,
1875,1875-01 (monthly avg),flat_shiller_gs10,,,,,,,,,,5.0700,,
1876,1876-01 (monthly avg),flat_shiller_gs10,,,,,,,,,,4.5900,,
1877,1877-01 (monthly avg),flat_shiller_gs10,,,,,,,,,,4.4500,,
1878,1878-01 (monthly avg),flat_shiller_gs10,,,,,,,,,,4.3400,,
1879,1879-01 (monthly avg),flat_shiller_gs10,,,,,,,,,,4.2200,,
1880,1880-01 (monthly avg),flat_shiller_gs10,,,,,,,,,,4.0200,,
1881,1881-01 (monthly avg),flat_shiller_gs10,,,,,,,,,,3.7000,,
1882,1882-01 (monthly avg),flat_shiller_gs10,,,,,,,,,,3.6200,,
1883,1883-01 (monthly avg),flat_shiller_gs10,,,,,,,,,,3.6300,,
1884,1884-01 (monthly avg),flat_shiller_gs10,,,,,,,,,,3.6200,,
1885,1885-01 (monthly avg),flat_shiller_gs10,,,,,,,,,,3.5200,,
1886,1886-01 (monthly avg),flat_shiller_gs10,,,,,,,,,,3.3700,,
1887,1887-01 (monthly avg),flat_shiller_gs10,,,,,,,,,,3.5200,,
1888,1888-01 (monthly avg),flat_shiller_gs10,,,,,,,,,,3.6700,,
1889,1889-01 (monthly avg),flat_shiller_gs10,,,,,,,,,,3.4500,,
1890,1890-01 (monthly avg),flat_shiller_gs10,,,,,,,,,,3.4200,,
1891,1891-01 (monthly avg),flat_shiller_gs10,,,,,,,,,,3.6200,,
1892,1892-01 (monthly avg),flat_shiller_gs10,,,,,,,,,,3.6000,,
1893,1893-01 (monthly avg),flat_shiller_gs10,,,,,,,,,,3.7500,,
1894,1894-01 (monthly avg),flat_shiller_gs10,,,,,,,,,,3.7000,,
1895,1895-01 (monthly avg),flat_shiller_gs10,,,,,,,,,,3.4600,,
1896,1896-01 (monthly avg),flat_shiller_gs10,,,,,,,,,,3.6000,,
1897,1897-01 (monthly avg),flat_shiller_gs10,,,,,,,,,,3.4000,,
1898,1898-01 (monthly avg),flat_shiller_gs10,,,,,,,,,,3.3500,,
1899,1899-01 (monthly avg),flat_shiller_gs10,,,,,,,,,,3.1000,,
1900,1900-01 (monthly avg),flat_shiller_gs10,,,,,,,,,,3.1500,,
1901,1901-01 (monthly avg),flat_shiller_gs10,,,,,,,,,,3.1000,,
1902,1902-01 (monthly avg),flat_shiller_gs10,,,,,,,,,,3.1800,,
1903,1903-01 (monthly avg),flat_shiller_gs10,,,,,,,,,,3.3000,,
1904,1904-01 (monthly avg),flat_shiller_gs10,,,,,,,,,,3.4000,,
1905,1905-01 (monthly avg),flat_shiller_gs10,,,,,,,,,,3.4800,,
1906,1906-01 (monthly avg),flat_shiller_gs10,,,,,,,,,,3.4300,,
1907,1907-01 (monthly avg),flat_shiller_gs10,,,,,,,,,,3.6700,,
1908,1908-01 (monthly avg),flat_shiller_gs10,,,,,,,,,,3.8700,,
1909,1909-01 (monthly avg),flat_shiller_gs10,,,,,,,,,,3.7600,,
1910,1910-01 (monthly avg),flat_shiller_gs10,,,,,,,,,,3.9100,,
1911,1911-01 (monthly avg),flat_shiller_gs10,,,,,,,,,,3.9800,,
1912,1912-01 (monthly avg),flat_shiller_gs10,,,,,,,,,,4.0100,,
1913,1913-01 (monthly avg),flat_shiller_gs10,,,,,,,,,,4.4500,,
1914,1914-01 (monthly avg),flat_shiller_gs10,,,,,,,,,,4.1600,,
1915,1915-01 (monthly avg),flat_shiller_gs10,,,,,,,,,,4.2400,,
1916,1916-01 (monthly avg),flat_shiller_gs10,,,,,,,,,,4.0500,,
1917,1917-01 (monthly avg),flat_shiller_gs10,,,,,,,,,,4.2300,,
1918,1918-01 (monthly avg),flat_shiller_gs10,,,,,,,,,,4.5700,,
1919,1919-01 (monthly avg),flat_shiller_gs10,,,,,,,,,,4.5000,,
1920,1920-01 (monthly avg),flat_shiller_gs10,,,,,,,,,,4.9700,,
1921,1921-01 (monthly avg),flat_shiller_gs10,,,,,,,,,,5.0900,,
1922,1922-01 (monthly avg),flat_shiller_gs10,,,,,,,,,,4.3000,,
1923,1923-01 (monthly avg),flat_shiller_gs10,,,,,,,,,,4.3600,,
1924,1924-01 (monthly avg),flat_shiller_gs10,,,,,,,,,,4.0600,,
1925,1925-01 (monthly avg),flat_shiller_gs10,,,,,,,,,,3.8600,,
1926,1926-01 (monthly avg),flat_shiller_gs10,,,,,,,,,,3.6800,,
1927,1927-01 (monthly avg),flat_shiller_gs10,,,,,,,,,,3.3400,,
1928,1928-01 (monthly avg),flat_shiller_gs10,,,,,,,,,,3.3300,,
1929,1929-01 (monthly avg),flat_shiller_gs10,,,,,,,,,,3.6000,,
1930,1930-01 (monthly avg),flat_shiller_gs10,,,,,,,,,,3.2900,,
1931,1931-01 (monthly avg),flat_shiller_gs10,,,,,,,,,,3.3400,,
1932,1932-01 (monthly avg),flat_shiller_gs10,,,,,,,,,,3.6800,,
1933,1933-01 (monthly avg),flat_shiller_gs10,,,,,,,,,,3.3100,,
1934,1934-01 (monthly avg),flat_shiller_gs10,,,,,,,,,,3.1200,,
1935,1935-01 (monthly avg),flat_shiller_gs10,,,,,,,,,,2.7900,,
1936,1936-01 (monthly avg),flat_shiller_gs10,,,,,,,,,,2.6500,,
1937,1937-01 (monthly avg),flat_shiller_gs10,,,,,,,,,,2.6800,,
1938,1938-01 (monthly avg),flat_shiller_gs10,,,,,,,,,,2.5600,,
1939,1939-01 (monthly avg),flat_shiller_gs10,,,,,,,,,,2.3600,,
1940,1940-01 (monthly avg),flat_shiller_gs10,,,,,,,,,,2.2100,,
1941,1941-01 (monthly avg),flat_shiller_gs10,,,,,,,,,,1.9500,,
1942,1942-01 (monthly avg),flat_shiller_gs10,,,,,,,,,,2.4600,,
1943,1943-01 (monthly avg),flat_shiller_gs10,,,,,,,,,,2.4700,,
1944,1944-01 (monthly avg),flat_shiller_gs10,,,,,,,,,,2.4800,,
1945,1945-01 (monthly avg),flat_shiller_gs10,,,,,,,,,,2.3700,,
1946,1946-01 (monthly avg),flat_shiller_gs10,,,,,,,,,,2.1900,,
1947,1947-01 (monthly avg),flat_shiller_gs10,,,,,,,,,,2.2500,,
1948,1948-01 (monthly avg),flat_shiller_gs10,,,,,,,,,,2.4400,,
1949,1949-01 (monthly avg),flat_shiller_gs10,,,,,,,,,,2.3100,,
1950,1950-01 (monthly avg),flat_shiller_gs10,,,,,,,,,,2.3200,,
1951,1951-01 (monthly avg),flat_shiller_gs10,,,,,,,,,,2.5700,,
1952,1952-01 (monthly avg),flat_shiller_gs10,,,,,,,,,,2.6800,,
1953,1953-01 (monthly avg),flat_shiller_gs10,,,,,,,,,,2.8300,,
1954,1954-01 (monthly avg),flat_shiller_gs10,,,,,,,,,,2.4800,,
1955,1955-01 (monthly avg),flat_shiller_gs10,,,,,,,,,,2.6100,,
1956,1956-01 (monthly avg),flat_shiller_gs10,,,,,,,,,,2.9000,,
1957,1957-01 (monthly avg),flat_shiller_gs10,,,,,,,,,,3.4600,,
1958,1958-01 (monthly avg),flat_shiller_gs10,,,,,,,,,,3.0900,,
1959,1959-01 (monthly avg),flat_shiller_gs10,,,,,,,,,,4.0200,,
1960,1960-01 (monthly avg),flat_shiller_gs10,,,,,,,,,,4.7200,,
1961,1961-01 (monthly avg),flat_shiller_gs10,,,,,,,,,,3.8400,,
1962,1962-01-02,fred_cmt,,,,,3.2200,,3.7000,3.8800,,4.0600,4.0700,
1963,1963-01-02,fred_cmt,,,,,3.0400,,3.3900,3.5300,,3.8200,3.9100,
1964,1964-01-02,fred_cmt,,,,,3.8400,,4.0600,4.0700,,4.1400,4.1900,
1965,1965-01-04,fred_cmt,,,,,3.9600,,4.0700,4.1200,,4.2000,4.2000,
1966,1966-01-03,fred_cmt,,,,,4.9400,,4.9900,4.8800,,4.6300,4.5200,
1967,1967-01-03,fred_cmt,,,,,5.0000,,4.9800,4.8400,,4.6900,4.6000,
1968,1968-01-02,fred_cmt,,,,,5.7100,,5.7100,5.6800,,5.6300,5.5100,
1969,1969-01-02,fred_cmt,,,,,6.4200,,6.3200,6.2900,,6.0400,5.9200,
1970,1970-01-02,fred_cmt,,,,,8.2800,,8.3500,8.1900,7.6300,7.8600,6.8800,
1971,1971-01-04,fred_cmt,,,,,4.9200,,5.8600,5.9800,6.2700,6.4600,6.3900,
1972,1972-01-03,fred_cmt,,,,,4.4900,,5.2100,5.5500,5.9000,5.9400,6.0200,
1973,1973-01-02,fred_cmt,,,,,5.7200,,6.1600,6.2900,6.3100,6.4300,6.0500,
1974,1974-01-02,fred_cmt,,,,,7.3800,,6.8800,6.8600,6.7600,6.9400,7.4100,
1975,1975-01-02,fred_cmt,,,,,7.2700,,7.3400,7.3400,7.3400,7.4200,7.9400,
1976,1976-01-02,fred_cmt,,,,,6.2000,,7.1200,7.5400,7.6800,7.7700,8.0600,
1977,1977-01-03,fred_cmt,,,,,4.8800,5.4200,5.7300,6.1600,6.5000,6.8400,7.2000,
1978,1978-01-03,fred_cmt,,,,,7.0000,7.2400,7.3900,7.5800,7.7200,7.8300,8.0000,8.0800
1979,1979-01-02,fred_cmt,,,,,10.5800,10.0000,9.6300,9.3300,9.2400,9.1800,9.0000,8.9900
1980,1980-01-02,fred_cmt,,,,,11.8900,11.3900,10.7700,10.5200,10.5100,10.5000,10.2300,10.2300
1981,1981-01-02,fred_cmt,,,,,14.0600,13.1000,12.8300,12.6100,12.5000,12.4200,12.1100,12.0100
1982,1982-01-04,fred_cmt,,,11.8700,13.1600,13.5600,13.8700,14.0600,14.1500,14.1600,14.1900,14.2400,13.8700
1983,1983-01-03,fred_cmt,,,8.1700,8.3800,8.6200,9.2900,9.6400,10.0200,10.2500,10.3200,10.5500,10.3900
1984,1984-01-03,fred_cmt,,,9.3500,9.7500,10.1100,10.8700,11.1000,11.5900,11.7900,11.8600,12.0500,11.9300
1985,1985-01-02,fred_cmt,,,8.1000,8.6200,9.1900,10.0300,10.6100,11.2200,11.6800,11.7000,11.8400,11.6900
1986,1986-01-02,fred_cmt,,,7.3300,7.5000,7.6400,8.0200,8.2600,8.5100,8.9200,9.0400,9.5200,9.2800
1987,1987-01-02,fred_cmt,,,5.7000,5.8000,5.8600,6.3000,6.4800,6.7500,7.0300,7.1800,,7.4400
1988,1988-01-04,fred_cmt,,,6.0900,6.6000,7.1500,7.7700,8.0300,8.3500,8.6900,8.8300,,8.9500
1989,1989-01-03,fred_cmt,,,8.4300,8.7700,9.1100,9.2100,9.2600,9.2500,9.2800,9.2300,,9.0900
1990,1990-01-02,treasury_par,,,7.8300,7.8900,7.8100,7.8700,7.9000,7.8700,7.9800,7.9400,,8.0000
1991,1991-01-02,treasury_par,,,6.6600,6.7300,6.7400,7.0800,7.3000,7.5900,7.9000,7.9700,,8.1400
1992,1992-01-02,treasury_par,,,3.9600,4.0100,4.1300,4.7700,5.1300,5.9800,6.4600,6.7800,,7.4600
1993,1993-01-04,treasury_par,,,3.1900,3.3700,3.5600,4.4800,5.0300,5.9000,6.3300,6.6000,,7.3300
1994,1994-01-03,treasury_par,,,3.1600,3.3900,3.6700,4.3000,4.6600,5.2900,5.6600,5.9200,6.5400,6.4100
1995,1995-01-03,treasury_par,,,5.9500,6.6600,7.2300,7.7300,7.8400,7.8800,7.9100,7.8800,8.0700,7.9300
1996,1996-01-02,treasury_par,,,5.2000,5.2500,5.1700,5.1800,5.2600,5.3900,5.5100,5.6000,6.0300,5.9700
1997,1997-01-02,treasury_par,,,5.1900,5.3500,5.6300,5.9700,6.1300,6.3000,6.4500,6.5400,6.8500,6.7500
1998,1998-01-02,treasury_par,,,5.3200,5.4000,5.4600,5.5900,5.6200,5.6300,5.6800,5.6700,5.9400,5.8600
1999,1999-01-04,treasury_par,,,4.4900,4.5700,4.5800,4.5800,4.5700,4.5700,4.7500,4.6900,5.4200,5.1500
2000,2000-01-03,treasury_par,,,5.4800,5.8100,6.0900,6.3800,6.4200,6.5000,6.6500,6.5800,6.9400,6.6100
2001,2001-01-02,treasury_par,,,5.8700,5.5800,5.1100,4.8700,4.8200,4.7600,4.9700,4.9200,5.4600,5.3500
2002,2002-01-02,treasury_par,1.7300,,1.7400,1.8500,2.2800,3.2200,3.7500,4.5200,4.9700,5.2000,5.8600,5.5600
2003,2003-01-02,treasury_par,1.1800,,1.2200,1.2500,1.4200,1.8000,2.2200,3.0500,3.6200,4.0700,5.0500,
2004,2004-01-02,treasury_par,0.8800,,0.9300,1.0200,1.3100,1.9400,2.4700,3.3600,3.9000,4.3800,5.2100,
2005,2005-01-03,treasury_par,1.9900,,2.3200,2.6300,2.7900,3.1000,3.2800,3.6400,3.9400,4.2300,4.8400,
2006,2006-01-03,treasury_par,4.0500,,4.1600,4.4000,4.3800,4.3400,4.3000,4.3000,4.3200,4.3700,4.6200,
2007,2007-01-02,treasury_par,4.7900,,5.0700,5.1100,5.0000,4.8000,4.7100,4.6800,4.6800,4.6800,4.8700,4.7900
2008,2008-01-02,treasury_par,3.0900,,3.2600,3.3200,3.1700,2.8800,2.8900,3.2800,3.5400,3.9100,4.3900,4.3500
2009,2009-01-02,treasury_par,0.0400,,0.0800,0.2800,0.4000,0.8800,1.1400,1.7200,2.0700,2.4600,3.2200,2.8300
2010,2010-01-04,treasury_par,0.0500,,0.0800,0.1800,0.4500,1.0900,1.6600,2.6500,3.3600,3.8500,4.6000,4.6500
2011,2011-01-03,treasury_par,0.1100,,0.1500,0.1900,0.2900,0.6100,1.0300,2.0200,2.7400,3.3600,4.1800,4.3900
2012,2012-01-03,treasury_par,0.0100,,0.0200,0.0600,0.1200,0.2700,0.4000,0.8900,1.4100,1.9700,2.6700,2.9800
2013,2013-01-02,treasury_par,0.0700,,0.0800,0.1200,0.1500,0.2700,0.3700,0.7600,1.2500,1.8600,2.6300,3.0400
2014,2014-01-02,treasury_par,0.0100,,0.0700,0.0900,0.1300,0.3900,0.7600,1.7200,2.4100,3.0000,3.6800,3.9200
2015,2015-01-02,treasury_par,0.0200,,0.0200,0.1100,0.2500,0.6600,1.0700,1.6100,1.9200,2.1200,2.4100,2.6900
2016,2016-01-04,treasury_par,0.1700,,0.2200,0.4900,0.6100,1.0200,1.3100,1.7300,2.0600,2.2400,2.6400,2.9800
2017,2017-01-03,treasury_par,0.5200,,0.5300,0.6500,0.8900,1.2200,1.5000,1.9400,2.2600,2.4500,2.7800,3.0400
2018,2018-01-02,treasury_par,1.2900,,1.4400,1.6100,1.8300,1.9200,2.0100,2.2500,2.3800,2.4600,2.6400,2.8100
2019,2019-01-02,treasury_par,2.4000,2.4000,2.4200,2.5100,2.6000,2.5000,2.4700,2.4900,2.5600,2.6600,2.8300,2.9700
2020,2020-01-02,treasury_par,1.5300,1.5500,1.5400,1.5700,1.5600,1.5800,1.5900,1.6700,1.7900,1.8800,2.1900,2.3300
2021,2021-01-04,treasury_par,0.0900,0.0900,0.0900,0.0900,0.1000,0.1100,0.1600,0.3600,0.6400,0.9300,1.4600,1.6600
2022,2022-01-03,treasury_par,0.0500,0.0600,0.0800,0.2200,0.4000,0.7800,1.0400,1.3700,1.5500,1.6300,2.0500,2.0100
2023,2023-01-03,treasury_par,4.1700,4.4200,4.5300,4.7700,4.7200,4.4000,4.1800,3.9400,3.8900,3.7900,4.0600,3.8800
2024,2024-01-02,treasury_par,5.5500,5.5400,5.4600,5.2400,4.8000,4.3300,4.0900,3.9300,3.9500,3.9500,4.2500,4.0800
2025,2025-01-02,treasury_par,4.4500,4.3600,4.3600,4.2500,4.1700,4.2500,4.2900,4.3800,4.4700,4.5700,4.8600,4.7900
2026,2026-01-02,treasury_par,3.7200,3.6600,3.6500,3.5800,3.4700,3.4700,3.5500,3.7400,3.9500,4.1900,4.8100,4.8600
