# source: https://pages.stern.nyu.edu/~adamodar/New_Home_Page/datafile/histretSP.html (page dated January 2026), accessed 2026-09-28; VERIFIED-PRIMARY dataset page
year,sp500_tr,us_smallcap_bottom_decile,tbill_3m_avg,tbond_10y_tr,baa_corp_tr,real_estate,gold
1928,0.4381,0.6215,0.0308,0.0084,0.0322,0.0149,0.0010
1929,-0.0830,-0.4608,0.0316,0.0420,0.0302,-0.0206,-0.0015
1930,-0.2512,-0.4835,0.0455,0.0454,0.0054,-0.0430,0.0010
1931,-0.4384,-0.4362,0.0231,-0.0256,-0.1568,-0.0815,-0.1738
1932,-0.0864,0.2865,0.0107,0.0879,0.2359,-0.1047,0.2128
1933,0.4998,1.4660,0.0096,0.0186,0.1297,-0.0381,0.2726
1934,-0.0119,0.2307,0.0028,0.0796,0.1882,0.0291,0.3175
1935,0.4674,0.5490,0.0017,0.0447,0.1331,0.0977,0.0043
1936,0.3194,0.9641,0.0017,0.0502,0.1138,0.0322,0.0009
1937,-0.3534,-0.5394,0.0028,0.0138,-0.0442,0.0256,-0.0023
1938,0.2928,0.0516,0.0007,0.0421,0.0924,-0.0087,0.0017
1939,-0.0110,-0.0486,0.0005,0.0441,0.0798,-0.0130,-0.0123
1940,-0.1067,-0.3288,0.0004,0.0540,0.0865,0.0331,-0.0166
1941,-0.1277,-0.0675,0.0013,-0.0202,0.0501,-0.0838,0.0000
1942,0.1917,0.6301,0.0034,0.0229,0.0518,0.0333,0.0000
1943,0.2506,1.4302,0.0038,0.0249,0.0804,0.1145,0.0000
1944,0.1903,0.7115,0.0038,0.0258,0.0657,0.1658,0.0000
1945,0.3582,0.9441,0.0038,0.0380,0.0680,0.1178,0.0254
1946,-0.0843,-0.1373,0.0038,0.0313,0.0251,0.2410,0.0000
1947,0.0520,-0.0174,0.0060,0.0092,0.0026,0.2126,0.0000
1948,0.0570,-0.0001,0.0105,0.0195,0.0344,0.0206,0.0000
1949,0.1830,0.2760,0.0112,0.0466,0.0538,0.0009,-0.0870
1950,0.3081,0.5281,0.0120,0.0043,0.0424,0.0364,0.0956
1951,0.2368,0.0387,0.0152,-0.0030,-0.0019,0.0605,0.0000
1952,0.1815,0.0102,0.0172,0.0227,0.0444,0.0441,-0.0035
1953,-0.0121,-0.0597,0.0189,0.0414,0.0162,0.1152,0.0069
1954,0.5256,0.6497,0.0094,0.0329,0.0616,0.0092,0.0057
1955,0.3260,0.2672,0.0172,-0.0134,0.0204,0.0000,-0.0003
1956,0.0744,-0.0089,0.0262,-0.0226,-0.0235,0.0091,-0.0011
1957,-0.1046,-0.1519,0.0322,0.0680,-0.0072,0.0272,-0.0011
1958,0.4372,0.6880,0.0177,-0.0210,0.0643,0.0066,0.0043
1959,0.1206,0.1270,0.0339,-0.0265,0.0157,0.0011,0.0000
1960,0.0034,-0.0357,0.0287,0.1164,0.0666,0.0077,0.0048
1961,0.2664,0.2945,0.0235,0.0206,0.0510,0.0098,-0.0006
1962,-0.0881,-0.0978,0.0277,0.0569,0.0650,0.0032,-0.0006
1963,0.2261,0.1965,0.0316,0.0168,0.0546,0.0214,-0.0040
1964,0.1642,0.2325,0.0355,0.0373,0.0516,0.0126,0.0003
1965,0.1240,0.4524,0.0395,0.0072,0.0319,0.0166,0.0006
1966,-0.0997,-0.0947,0.0486,0.0291,-0.0345,0.0122,0.0003
1967,0.2380,1.1587,0.0429,-0.0158,0.0090,0.0232,-0.0051
1968,0.1081,0.6069,0.0534,0.0327,0.0485,0.0413,0.1247
1969,-0.0824,-0.3295,0.0667,-0.0501,-0.0203,0.0699,0.0501
1970,0.0356,-0.1878,0.0639,0.1675,0.0565,0.0822,-0.0945
1971,0.1422,0.1596,0.0433,0.0979,0.1400,0.0424,0.1669
1972,0.1876,0.0016,0.0406,0.0282,0.1141,0.0298,0.4878
1973,-0.1431,-0.3880,0.0704,0.0366,0.0432,0.0342,0.7296
1974,-0.2590,-0.2690,0.0785,0.0199,-0.0438,0.1007,0.6615
1975,0.3700,0.5968,0.0579,0.0361,0.1105,0.0677,-0.2480
1976,0.2383,0.4862,0.0498,0.1598,0.1975,0.0818,-0.0410
1977,-0.0698,0.3029,0.0526,0.0129,0.0995,0.1465,0.2264
1978,0.0651,0.2889,0.0718,-0.0078,0.0314,0.1572,0.3701
1979,0.1852,0.4169,0.1005,0.0067,-0.0201,0.1374,1.2655
1980,0.3174,0.4192,0.1139,-0.0299,-0.0332,0.0740,0.1519
1981,-0.0470,-0.0429,0.1404,0.0820,0.0846,0.0510,-0.3260
1982,0.2042,0.2685,0.1109,0.3281,0.2905,0.0056,0.1562
1983,0.2234,0.3486,0.0895,0.0320,0.1619,0.0475,-0.1680
1984,0.0615,-0.1450,0.0992,0.1373,0.1562,0.0468,-0.1938
1985,0.3124,0.2451,0.0772,0.2571,0.2386,0.0747,0.0600
1986,0.1849,0.0209,0.0615,0.2428,0.2215,0.0961,0.1896
1987,0.0581,-0.1400,0.0596,-0.0496,0.0112,0.0785,0.2453
1988,0.1654,0.1715,0.0689,0.0822,0.1568,0.0722,-0.1526
1989,0.3148,0.0696,0.0839,0.1769,0.1631,0.0439,-0.0284
1990,-0.0306,-0.2777,0.0775,0.0624,0.0565,-0.0069,-0.0311
1991,0.3023,0.4607,0.0554,0.1500,0.1640,-0.0017,-0.0856
1992,0.0749,0.2534,0.0351,0.0936,0.1368,0.0082,-0.0573
1993,0.0997,0.2556,0.0307,0.1421,0.1644,0.0216,0.1768
1994,0.0133,-0.0476,0.0437,-0.0804,-0.0123,0.0252,-0.0217
1995,0.3720,0.3212,0.0566,0.2348,0.2009,0.0179,0.0098
1996,0.2268,0.1479,0.0515,0.0143,0.0528,0.0243,-0.0459
1997,0.3310,0.2206,0.0520,0.0994,0.1130,0.0402,-0.2141
1998,0.2834,-0.1347,0.0491,0.1492,0.0810,0.0644,-0.0083
1999,0.2089,0.3771,0.0478,-0.0825,0.0097,0.0768,0.0085
2000,-0.0903,-0.0913,0.0600,0.1666,0.0938,0.0929,-0.0544
2001,-0.1185,0.3214,0.0348,0.0557,0.0860,0.0668,0.0075
2002,-0.2197,-0.0361,0.0164,0.1512,0.1206,0.0956,0.2557
2003,0.2836,0.9123,0.0103,0.0038,0.1238,0.0981,0.1989
2004,0.1074,0.1730,0.0140,0.0449,0.1033,0.1364,0.0465
2005,0.0483,0.0378,0.0322,0.0287,0.0513,0.1351,0.1777
2006,0.1561,0.1840,0.0485,0.0196,0.0527,0.0173,0.2320
2007,0.0548,-0.0911,0.0448,0.1021,0.0490,-0.0540,0.3192
2008,-0.3655,-0.4468,0.0140,0.2010,-0.0344,-0.1200,0.0432
2009,0.2594,0.4694,0.0015,-0.1112,0.1996,-0.0385,0.2504
2010,0.1482,0.2773,0.0014,0.0846,0.0940,-0.0412,0.2924
2011,0.0210,-0.1404,0.0005,0.1604,0.1226,-0.0389,0.1202
2012,0.1589,0.1896,0.0009,0.0297,0.0940,0.0644,0.0568
2013,0.3215,0.5030,0.0006,-0.0910,-0.0113,0.1072,-0.2761
2014,0.1352,0.0153,0.0003,0.1075,0.1075,0.0450,0.0012
2015,0.0138,-0.0912,0.0005,0.0128,-0.0150,0.0519,-0.1211
2016,0.1177,0.1702,0.0032,0.0069,0.1152,0.0531,0.0810
2017,0.2161,0.1513,0.0095,0.0280,0.0915,0.0621,0.1266
2018,-0.0423,-0.1621,0.0197,-0.0002,-0.0318,0.0452,-0.0093
2019,0.3121,0.1192,0.0211,0.0964,0.1525,0.0369,0.1908
2020,0.1802,0.3416,0.0036,0.1133,0.1060,0.1043,0.2417
2021,0.2847,0.2241,0.0004,-0.0442,0.0102,0.1886,-0.0375
2022,-0.1804,-0.2290,0.0209,-0.1783,-0.1523,0.0565,0.0055
2023,0.2606,0.0519,0.0528,0.0388,0.0874,0.0568,0.1326
2024,0.2488,0.0870,0.0518,-0.0164,0.0174,0.0396,0.2596
2025,0.1778,0.1653,0.0421,0.0780,0.0696,0.0158,0.6622
